Run,age,Assay Type,AvgSpotLen,Bases,BIOMATERIAL_PROVIDER,BioProject,BioSample,BioSampleModel,Bytes,Center Name,Consent,DATASTORE filetype,DATASTORE provider,DATASTORE region,Experiment,Instrument,isolate,Library Name,LibraryLayout,LibrarySelection,LibrarySource,Organism,Platform,ReleaseDate,create_date,version,Sample Name,sex,SRA Study,tissue,AssemblyName
SRR13209590,not applicable,Targeted-Capture,164,1386610272,"Agilent Technologies\, 11011 N Torrey Pines Rd.\, La Jolla\, CA 92037\, USA",PRJNA677999,SAMN16786375,Human,198666721,NATIONAL CENTER FOR TOXICOLOGICAL RESEARCH,public,"bam,sra,run.zq","s3,gs,ncbi","gs.us-east1,ncbi.public,s3.us-east-1",SRX9642724,NextSeq 500,"4% Sample A + 96% Sample B\, enzymatically fragmented",SampleEf_ROC2_ST10_10ng_LIB2,PAIRED,Hybrid Selection,GENOMIC,Homo sapiens,ILLUMINA,2021-02-27T00:00:00Z,2020-12-07T16:36:00Z,1,Sample_Ef_ctDNA,not applicable,SRP296025,not applicable,GCF_000001405.29
SRR13209591,not applicable,Targeted-Capture,165,1659280128,"Agilent Technologies\, 11011 N Torrey Pines Rd.\, La Jolla\, CA 92037\, USA",PRJNA677999,SAMN16786375,Human,240396540,NATIONAL CENTER FOR TOXICOLOGICAL RESEARCH,public,"run.zq,sra,bam","ncbi,gs,s3","ncbi.public,s3.us-east-1,gs.us-east1",SRX9642723,NextSeq 500,"4% Sample A + 96% Sample B\, enzymatically fragmented",SampleEf_ROC2_ST10_10ng_LIB1,PAIRED,Hybrid Selection,GENOMIC,Homo sapiens,ILLUMINA,2021-02-27T00:00:00Z,2020-12-07T16:36:00Z,1,Sample_Ef_ctDNA,not applicable,SRP296025,not applicable,GCF_000001405.29
SRR13209601,not applicable,Targeted-Capture,170,2280351552,"Agilent Technologies\, 11011 N Torrey Pines Rd.\, La Jolla\, CA 92037\, USA",PRJNA677999,SAMN16786375,Human,361515317,NATIONAL CENTER FOR TOXICOLOGICAL RESEARCH,public,"run.zq,bam,sra","s3,gs,ncbi","gs.us-east1,s3.us-east-1,ncbi.public",SRX9642713,NextSeq 500,"4% Sample A + 96% Sample B\, enzymatically fragmented",SampleEf_ROC2_ST21_25ng_LIB4,PAIRED,Hybrid Selection,GENOMIC,Homo sapiens,ILLUMINA,2021-02-27T00:00:00Z,2020-12-07T16:40:00Z,1,Sample_Ef_ctDNA,not applicable,SRP296025,not applicable,GCF_000001405.29
SRR13209602,not applicable,Targeted-Capture,173,2566303584,"Agilent Technologies\, 11011 N Torrey Pines Rd.\, La Jolla\, CA 92037\, USA",PRJNA677999,SAMN16786375,Human,399047421,NATIONAL CENTER FOR TOXICOLOGICAL RESEARCH,public,"sra,bam,run.zq","s3,ncbi,gs","ncbi.public,gs.us-east1,s3.us-east-1",SRX9642712,NextSeq 500,"4% Sample A + 96% Sample B\, enzymatically fragmented",SampleEf_ROC2_ST21_25ng_LIB3,PAIRED,Hybrid Selection,GENOMIC,Homo sapiens,ILLUMINA,2021-02-27T00:00:00Z,2020-12-07T16:39:00Z,1,Sample_Ef_ctDNA,not applicable,SRP296025,not applicable,GCF_000001405.29
SRR13209603,not applicable,Targeted-Capture,172,2510900352,"Agilent Technologies\, 11011 N Torrey Pines Rd.\, La Jolla\, CA 92037\, USA",PRJNA677999,SAMN16786375,Human,390906893,NATIONAL CENTER FOR TOXICOLOGICAL RESEARCH,public,"run.zq,sra,bam","s3,ncbi,gs","ncbi.public,gs.us-east1,s3.us-east-1",SRX9642711,NextSeq 500,"4% Sample A + 96% Sample B\, enzymatically fragmented",SampleEf_ROC2_ST21_25ng_LIB2,PAIRED,Hybrid Selection,GENOMIC,Homo sapiens,ILLUMINA,2021-02-27T00:00:00Z,2020-12-07T16:38:00Z,1,Sample_Ef_ctDNA,not applicable,SRP296025,not applicable,GCF_000001405.29
SRR13209604,not applicable,Targeted-Capture,171,2548013472,"Agilent Technologies\, 11011 N Torrey Pines Rd.\, La Jolla\, CA 92037\, USA",PRJNA677999,SAMN16786375,Human,396735958,NATIONAL CENTER FOR TOXICOLOGICAL RESEARCH,public,"bam,run.zq,sra","gs,s3,ncbi","ncbi.public,gs.us-east1,s3.us-east-1",SRX9642710,NextSeq 500,"4% Sample A + 96% Sample B\, enzymatically fragmented",SampleEf_ROC2_ST21_25ng_LIB1,PAIRED,Hybrid Selection,GENOMIC,Homo sapiens,ILLUMINA,2021-02-27T00:00:00Z,2020-12-07T16:41:00Z,1,Sample_Ef_ctDNA,not applicable,SRP296025,not applicable,GCF_000001405.29
SRR13209606,not applicable,Targeted-Capture,164,1669657920,"Agilent Technologies\, 11011 N Torrey Pines Rd.\, La Jolla\, CA 92037\, USA",PRJNA677999,SAMN16786375,Human,261237885,NATIONAL CENTER FOR TOXICOLOGICAL RESEARCH,public,"run.zq,bam,sra","gs,s3,ncbi","gs.us-east1,s3.us-east-1,ncbi.public",SRX9642708,NextSeq 500,"4% Sample A + 96% Sample B\, enzymatically fragmented",SampleEf_ROC2_ST21_10ng_LIB4,PAIRED,Hybrid Selection,GENOMIC,Homo sapiens,ILLUMINA,2021-02-27T00:00:00Z,2020-12-07T16:41:00Z,1,Sample_Ef_ctDNA,not applicable,SRP296025,not applicable,GCF_000001405.29
SRR13209607,not applicable,Targeted-Capture,165,1603646688,"Agilent Technologies\, 11011 N Torrey Pines Rd.\, La Jolla\, CA 92037\, USA",PRJNA677999,SAMN16786375,Human,241711540,NATIONAL CENTER FOR TOXICOLOGICAL RESEARCH,public,"run.zq,sra,bam","ncbi,gs,s3","s3.us-east-1,gs.us-east1,ncbi.public",SRX9642707,NextSeq 500,"4% Sample A + 96% Sample B\, enzymatically fragmented",SampleEf_ROC2_ST21_10ng_LIB3,PAIRED,Hybrid Selection,GENOMIC,Homo sapiens,ILLUMINA,2021-02-27T00:00:00Z,2020-12-07T16:38:00Z,1,Sample_Ef_ctDNA,not applicable,SRP296025,not applicable,GCF_000001405.29
SRR13209608,not applicable,Targeted-Capture,167,1819372704,"Agilent Technologies\, 11011 N Torrey Pines Rd.\, La Jolla\, CA 92037\, USA",PRJNA677999,SAMN16786375,Human,284805982,NATIONAL CENTER FOR TOXICOLOGICAL RESEARCH,public,"sra,run.zq,bam","gs,s3,ncbi","ncbi.public,s3.us-east-1,gs.us-east1",SRX9642706,NextSeq 500,"4% Sample A + 96% Sample B\, enzymatically fragmented",SampleEf_ROC2_ST21_10ng_LIB2,PAIRED,Hybrid Selection,GENOMIC,Homo sapiens,ILLUMINA,2021-02-27T00:00:00Z,2020-12-07T16:40:00Z,1,Sample_Ef_ctDNA,not applicable,SRP296025,not applicable,GCF_000001405.29
SRR13209609,not applicable,Targeted-Capture,163,1632650016,"Agilent Technologies\, 11011 N Torrey Pines Rd.\, La Jolla\, CA 92037\, USA",PRJNA677999,SAMN16786375,Human,247966020,NATIONAL CENTER FOR TOXICOLOGICAL RESEARCH,public,"run.zq,sra,bam","gs,ncbi,s3","gs.us-east1,s3.us-east-1,ncbi.public",SRX9642705,NextSeq 500,"4% Sample A + 96% Sample B\, enzymatically fragmented",SampleEf_ROC2_ST21_10ng_LIB1,PAIRED,Hybrid Selection,GENOMIC,Homo sapiens,ILLUMINA,2021-02-27T00:00:00Z,2020-12-07T16:54:00Z,1,Sample_Ef_ctDNA,not applicable,SRP296025,not applicable,GCF_000001405.29
SRR13209628,not applicable,Targeted-Capture,172,2573018112,"Agilent Technologies\, 11011 N Torrey Pines Rd.\, La Jolla\, CA 92037\, USA",PRJNA677999,SAMN16786375,Human,547345113,NATIONAL CENTER FOR TOXICOLOGICAL RESEARCH,public,"bam,sra,run.zq","gs,ncbi,s3","s3.us-east-1,gs.us-east1,ncbi.public",SRX9642686,NextSeq 500,"4% Sample A + 96% Sample B\, enzymatically fragmented",SampleEf_ROC2_ST20_25ng_LIB4,PAIRED,Hybrid Selection,GENOMIC,Homo sapiens,ILLUMINA,2021-02-27T00:00:00Z,2020-12-07T16:50:00Z,1,Sample_Ef_ctDNA,not applicable,SRP296025,not applicable,GCF_000001405.29
SRR13209629,not applicable,Targeted-Capture,175,2872937280,"Agilent Technologies\, 11011 N Torrey Pines Rd.\, La Jolla\, CA 92037\, USA",PRJNA677999,SAMN16786375,Human,600299426,NATIONAL CENTER FOR TOXICOLOGICAL RESEARCH,public,"sra,run.zq,bam","s3,ncbi,gs","s3.us-east-1,ncbi.public,gs.us-east1",SRX9642685,NextSeq 500,"4% Sample A + 96% Sample B\, enzymatically fragmented",SampleEf_ROC2_ST20_25ng_LIB3,PAIRED,Hybrid Selection,GENOMIC,Homo sapiens,ILLUMINA,2021-02-27T00:00:00Z,2020-12-07T16:49:00Z,1,Sample_Ef_ctDNA,not applicable,SRP296025,not applicable,GCF_000001405.29
SRR13209630,not applicable,Targeted-Capture,174,2585091360,"Agilent Technologies\, 11011 N Torrey Pines Rd.\, La Jolla\, CA 92037\, USA",PRJNA677999,SAMN16786375,Human,540057984,NATIONAL CENTER FOR TOXICOLOGICAL RESEARCH,public,"sra,bam,run.zq","s3,gs,ncbi","ncbi.public,s3.us-east-1,gs.us-east1",SRX9642684,NextSeq 500,"4% Sample A + 96% Sample B\, enzymatically fragmented",SampleEf_ROC2_ST20_25ng_LIB2,PAIRED,Hybrid Selection,GENOMIC,Homo sapiens,ILLUMINA,2021-02-27T00:00:00Z,2020-12-07T17:05:00Z,1,Sample_Ef_ctDNA,not applicable,SRP296025,not applicable,GCF_000001405.29
SRR13209631,not applicable,Targeted-Capture,169,2231784864,"Agilent Technologies\, 11011 N Torrey Pines Rd.\, La Jolla\, CA 92037\, USA",PRJNA677999,SAMN16786375,Human,454075754,NATIONAL CENTER FOR TOXICOLOGICAL RESEARCH,public,"run.zq,sra,bam","s3,gs,ncbi","gs.us-east1,s3.us-east-1,ncbi.public",SRX9642683,NextSeq 500,"4% Sample A + 96% Sample B\, enzymatically fragmented",SampleEf_ROC2_ST20_25ng_LIB1,PAIRED,Hybrid Selection,GENOMIC,Homo sapiens,ILLUMINA,2021-02-27T00:00:00Z,2020-12-07T16:47:00Z,1,Sample_Ef_ctDNA,not applicable,SRP296025,not applicable,GCF_000001405.29
SRR13209632,not applicable,Targeted-Capture,163,1555198656,"Agilent Technologies\, 11011 N Torrey Pines Rd.\, La Jolla\, CA 92037\, USA",PRJNA677999,SAMN16786375,Human,318896519,NATIONAL CENTER FOR TOXICOLOGICAL RESEARCH,public,"sra,run.zq,bam","gs,s3,ncbi","ncbi.public,s3.us-east-1,gs.us-east1",SRX9642682,NextSeq 500,"4% Sample A + 96% Sample B\, enzymatically fragmented",SampleEf_ROC2_ST20_10ng_LIB4,PAIRED,Hybrid Selection,GENOMIC,Homo sapiens,ILLUMINA,2021-02-27T00:00:00Z,2020-12-07T16:47:00Z,1,Sample_Ef_ctDNA,not applicable,SRP296025,not applicable,GCF_000001405.29
SRR13209633,not applicable,Targeted-Capture,169,1875637536,"Agilent Technologies\, 11011 N Torrey Pines Rd.\, La Jolla\, CA 92037\, USA",PRJNA677999,SAMN16786375,Human,384642170,NATIONAL CENTER FOR TOXICOLOGICAL RESEARCH,public,"bam,run.zq,sra","gs,s3,ncbi","ncbi.public,gs.us-east1,s3.us-east-1",SRX9642681,NextSeq 500,"4% Sample A + 96% Sample B\, enzymatically fragmented",SampleEf_ROC2_ST20_10ng_LIB3,PAIRED,Hybrid Selection,GENOMIC,Homo sapiens,ILLUMINA,2021-02-27T00:00:00Z,2020-12-07T16:48:00Z,1,Sample_Ef_ctDNA,not applicable,SRP296025,not applicable,GCF_000001405.29
SRR13209634,not applicable,Targeted-Capture,167,1666458624,"Agilent Technologies\, 11011 N Torrey Pines Rd.\, La Jolla\, CA 92037\, USA",PRJNA677999,SAMN16786375,Human,340345253,NATIONAL CENTER FOR TOXICOLOGICAL RESEARCH,public,"bam,run.zq,sra","ncbi,gs,s3","ncbi.public,gs.us-east1,s3.us-east-1",SRX9642680,NextSeq 500,"4% Sample A + 96% Sample B\, enzymatically fragmented",SampleEf_ROC2_ST20_10ng_LIB2,PAIRED,Hybrid Selection,GENOMIC,Homo sapiens,ILLUMINA,2021-02-27T00:00:00Z,2020-12-07T16:47:00Z,1,Sample_Ef_ctDNA,not applicable,SRP296025,not applicable,GCF_000001405.29
SRR13209635,not applicable,Targeted-Capture,166,1757211840,"Agilent Technologies\, 11011 N Torrey Pines Rd.\, La Jolla\, CA 92037\, USA",PRJNA677999,SAMN16786375,Human,358030970,NATIONAL CENTER FOR TOXICOLOGICAL RESEARCH,public,"sra,bam,run.zq","gs,s3,ncbi","gs.us-east1,ncbi.public,s3.us-east-1",SRX9642679,NextSeq 500,"4% Sample A + 96% Sample B\, enzymatically fragmented",SampleEf_ROC2_ST20_10ng_LIB1,PAIRED,Hybrid Selection,GENOMIC,Homo sapiens,ILLUMINA,2021-02-27T00:00:00Z,2020-12-07T16:47:00Z,1,Sample_Ef_ctDNA,not applicable,SRP296025,not applicable,GCF_000001405.29
SRR13209654,not applicable,Targeted-Capture,168,2096413920,"Agilent Technologies\, 11011 N Torrey Pines Rd.\, La Jolla\, CA 92037\, USA",PRJNA677999,SAMN16786375,Human,303627262,NATIONAL CENTER FOR TOXICOLOGICAL RESEARCH,public,"sra,bam,run.zq","gs,ncbi,s3","gs.us-east1,ncbi.public,s3.us-east-1",SRX9642660,NextSeq 500,"4% Sample A + 96% Sample B\, enzymatically fragmented",SampleEf_ROC2_ST10_25ng_LIB4,PAIRED,Hybrid Selection,GENOMIC,Homo sapiens,ILLUMINA,2021-02-27T00:00:00Z,2020-12-07T16:51:00Z,1,Sample_Ef_ctDNA,not applicable,SRP296025,not applicable,GCF_000001405.29
SRR13209655,not applicable,Targeted-Capture,168,2350495296,"Agilent Technologies\, 11011 N Torrey Pines Rd.\, La Jolla\, CA 92037\, USA",PRJNA677999,SAMN16786375,Human,332910449,NATIONAL CENTER FOR TOXICOLOGICAL RESEARCH,public,"bam,run.zq,sra","ncbi,s3,gs","ncbi.public,s3.us-east-1,gs.us-east1",SRX9642659,NextSeq 500,"4% Sample A + 96% Sample B\, enzymatically fragmented",SampleEf_ROC2_ST10_25ng_LIB3,PAIRED,Hybrid Selection,GENOMIC,Homo sapiens,ILLUMINA,2021-02-27T00:00:00Z,2020-12-07T16:51:00Z,1,Sample_Ef_ctDNA,not applicable,SRP296025,not applicable,GCF_000001405.29
SRR13209656,not applicable,Targeted-Capture,171,2284945152,"Agilent Technologies\, 11011 N Torrey Pines Rd.\, La Jolla\, CA 92037\, USA",PRJNA677999,SAMN16786375,Human,327429298,NATIONAL CENTER FOR TOXICOLOGICAL RESEARCH,public,"run.zq,bam,sra","gs,ncbi,s3","ncbi.public,gs.us-east1,s3.us-east-1",SRX9642658,NextSeq 500,"4% Sample A + 96% Sample B\, enzymatically fragmented",SampleEf_ROC2_ST10_25ng_LIB2,PAIRED,Hybrid Selection,GENOMIC,Homo sapiens,ILLUMINA,2021-02-27T00:00:00Z,2020-12-07T16:52:00Z,1,Sample_Ef_ctDNA,not applicable,SRP296025,not applicable,GCF_000001405.29
SRR13209657,not applicable,Targeted-Capture,169,2197030560,"Agilent Technologies\, 11011 N Torrey Pines Rd.\, La Jolla\, CA 92037\, USA",PRJNA677999,SAMN16786375,Human,316840308,NATIONAL CENTER FOR TOXICOLOGICAL RESEARCH,public,"bam,run.zq,sra","s3,gs,ncbi","ncbi.public,gs.us-east1,s3.us-east-1",SRX9642657,NextSeq 500,"4% Sample A + 96% Sample B\, enzymatically fragmented",SampleEf_ROC2_ST10_25ng_LIB1,PAIRED,Hybrid Selection,GENOMIC,Homo sapiens,ILLUMINA,2021-02-27T00:00:00Z,2020-12-07T16:51:00Z,1,Sample_Ef_ctDNA,not applicable,SRP296025,not applicable,GCF_000001405.29
SRR13209658,not applicable,Targeted-Capture,162,1485851520,"Agilent Technologies\, 11011 N Torrey Pines Rd.\, La Jolla\, CA 92037\, USA",PRJNA677999,SAMN16786375,Human,214385666,NATIONAL CENTER FOR TOXICOLOGICAL RESEARCH,public,"bam,run.zq,sra","s3,gs,ncbi","ncbi.public,s3.us-east-1,gs.us-east1",SRX9642656,NextSeq 500,"4% Sample A + 96% Sample B\, enzymatically fragmented",SampleEf_ROC2_ST10_10ng_LIB4,PAIRED,Hybrid Selection,GENOMIC,Homo sapiens,ILLUMINA,2021-02-27T00:00:00Z,2020-12-07T16:48:00Z,1,Sample_Ef_ctDNA,not applicable,SRP296025,not applicable,GCF_000001405.29
SRR13209659,not applicable,Targeted-Capture,165,1746326784,"Agilent Technologies\, 11011 N Torrey Pines Rd.\, La Jolla\, CA 92037\, USA",PRJNA677999,SAMN16786375,Human,247103673,NATIONAL CENTER FOR TOXICOLOGICAL RESEARCH,public,"run.zq,sra,bam","ncbi,gs,s3","ncbi.public,s3.us-east-1,gs.us-east1",SRX9642655,NextSeq 500,"4% Sample A + 96% Sample B\, enzymatically fragmented",SampleEf_ROC2_ST10_10ng_LIB3,PAIRED,Hybrid Selection,GENOMIC,Homo sapiens,ILLUMINA,2021-02-27T00:00:00Z,2020-12-07T16:49:00Z,1,Sample_Ef_ctDNA,not applicable,SRP296025,not applicable,GCF_000001405.29
SRR13200987,not applicable,Targeted-Capture,284,23878318047,"Agilent Technologies\, 11011 N Torrey Pines Rd.\, La Jolla\, CA 92037\, USA",PRJNA677999,SAMN16786375,Human,10193530883,NATIONAL CENTER FOR TOXICOLOGICAL RESEARCH,public,"run.zq,fastq,sra","gs,s3,ncbi","ncbi.public,gs.us-east1,s3.us-east-1",SRX9634481,Illumina NovaSeq 6000,"4% Sample A + 96% Sample B\, enzymatically fragmented",SampleEf_BRP2_ST26_25ng_LIB4,PAIRED,Hybrid Selection,GENOMIC,Homo sapiens,ILLUMINA,2021-02-27T00:00:00Z,2020-12-07T18:54:00Z,1,Sample_Ef_ctDNA,not applicable,SRP296025,not applicable,
SRR13200988,not applicable,Targeted-Capture,284,28075976463,"Agilent Technologies\, 11011 N Torrey Pines Rd.\, La Jolla\, CA 92037\, USA",PRJNA677999,SAMN16786375,Human,12147490936,NATIONAL CENTER FOR TOXICOLOGICAL RESEARCH,public,"sra,run.zq,fastq","gs,ncbi,s3","gs.us-east1,ncbi.public,s3.us-east-1",SRX9634480,Illumina NovaSeq 6000,"4% Sample A + 96% Sample B\, enzymatically fragmented",SampleEf_BRP2_ST26_25ng_LIB3,PAIRED,Hybrid Selection,GENOMIC,Homo sapiens,ILLUMINA,2021-02-27T00:00:00Z,2020-12-07T16:38:00Z,1,Sample_Ef_ctDNA,not applicable,SRP296025,not applicable,
SRR13200990,not applicable,Targeted-Capture,284,26890625322,"Agilent Technologies\, 11011 N Torrey Pines Rd.\, La Jolla\, CA 92037\, USA",PRJNA677999,SAMN16786375,Human,11707289048,NATIONAL CENTER FOR TOXICOLOGICAL RESEARCH,public,"sra,run.zq,fastq","gs,s3,ncbi","s3.us-east-1,ncbi.public,gs.us-east1",SRX9634478,Illumina NovaSeq 6000,"4% Sample A + 96% Sample B\, enzymatically fragmented",SampleEf_BRP2_ST26_25ng_LIB2,PAIRED,Hybrid Selection,GENOMIC,Homo sapiens,ILLUMINA,2021-02-27T00:00:00Z,2020-12-09T15:46:00Z,1,Sample_Ef_ctDNA,not applicable,SRP296025,not applicable,
SRR13200991,not applicable,Targeted-Capture,284,22256362716,"Agilent Technologies\, 11011 N Torrey Pines Rd.\, La Jolla\, CA 92037\, USA",PRJNA677999,SAMN16786375,Human,9514757535,NATIONAL CENTER FOR TOXICOLOGICAL RESEARCH,public,"sra,run.zq,fastq","gs,ncbi,s3","ncbi.public,s3.us-east-1,gs.us-east1",SRX9634477,Illumina NovaSeq 6000,"4% Sample A + 96% Sample B\, enzymatically fragmented",SampleEf_BRP2_ST26_25ng_LIB1,PAIRED,Hybrid Selection,GENOMIC,Homo sapiens,ILLUMINA,2021-02-27T00:00:00Z,2020-12-07T18:43:00Z,1,Sample_Ef_ctDNA,not applicable,SRP296025,not applicable,
SRR13200992,not applicable,Targeted-Capture,283,24898238055,"Agilent Technologies\, 11011 N Torrey Pines Rd.\, La Jolla\, CA 92037\, USA",PRJNA677999,SAMN16786375,Human,10688261002,NATIONAL CENTER FOR TOXICOLOGICAL RESEARCH,public,"run.zq,sra,fastq","ncbi,s3,gs","ncbi.public,gs.us-east1,s3.us-east-1",SRX9634476,Illumina NovaSeq 6000,"4% Sample A + 96% Sample B\, enzymatically fragmented",SampleEf_BRP2_ST26_10ng_LIB4,PAIRED,Hybrid Selection,GENOMIC,Homo sapiens,ILLUMINA,2021-02-27T00:00:00Z,2020-12-07T16:00:00Z,1,Sample_Ef_ctDNA,not applicable,SRP296025,not applicable,
SRR13200993,not applicable,Targeted-Capture,283,32819431858,"Agilent Technologies\, 11011 N Torrey Pines Rd.\, La Jolla\, CA 92037\, USA",PRJNA677999,SAMN16786375,Human,14184250103,NATIONAL CENTER FOR TOXICOLOGICAL RESEARCH,public,"sra,fastq,run.zq","gs,s3,ncbi","gs.us-east1,s3.us-east-1,ncbi.public",SRX9634475,Illumina NovaSeq 6000,"4% Sample A + 96% Sample B\, enzymatically fragmented",SampleEf_BRP2_ST26_10ng_LIB3,PAIRED,Hybrid Selection,GENOMIC,Homo sapiens,ILLUMINA,2021-02-27T00:00:00Z,2020-12-14T23:33:00Z,1,Sample_Ef_ctDNA,not applicable,SRP296025,not applicable,
SRR13200994,not applicable,Targeted-Capture,283,30575296833,"Agilent Technologies\, 11011 N Torrey Pines Rd.\, La Jolla\, CA 92037\, USA",PRJNA677999,SAMN16786375,Human,13146738527,NATIONAL CENTER FOR TOXICOLOGICAL RESEARCH,public,"fastq,run.zq,sra","s3,gs,ncbi","ncbi.public,gs.us-east1,s3.us-east-1",SRX9634474,Illumina NovaSeq 6000,"4% Sample A + 96% Sample B\, enzymatically fragmented",SampleEf_BRP2_ST26_10ng_LIB2,PAIRED,Hybrid Selection,GENOMIC,Homo sapiens,ILLUMINA,2021-02-27T00:00:00Z,2020-12-09T21:59:00Z,1,Sample_Ef_ctDNA,not applicable,SRP296025,not applicable,
SRR13200995,not applicable,Targeted-Capture,283,42776198338,"Agilent Technologies\, 11011 N Torrey Pines Rd.\, La Jolla\, CA 92037\, USA",PRJNA677999,SAMN16786375,Human,18546990205,NATIONAL CENTER FOR TOXICOLOGICAL RESEARCH,public,"run.zq,sra,fastq","s3,gs,ncbi","s3.us-east-1,gs.us-east1,ncbi.public",SRX9634473,Illumina NovaSeq 6000,"4% Sample A + 96% Sample B\, enzymatically fragmented",SampleEf_BRP2_ST26_10ng_LIB1,PAIRED,Hybrid Selection,GENOMIC,Homo sapiens,ILLUMINA,2021-02-27T00:00:00Z,2020-12-18T22:58:00Z,1,Sample_Ef_ctDNA,not applicable,SRP296025,not applicable,
SRR13200996,not applicable,Targeted-Capture,284,38944781014,"Agilent Technologies\, 11011 N Torrey Pines Rd.\, La Jolla\, CA 92037\, USA",PRJNA677999,SAMN16786375,Human,16589946442,NATIONAL CENTER FOR TOXICOLOGICAL RESEARCH,public,"sra,fastq,run.zq","gs,s3,ncbi","ncbi.public,s3.us-east-1,gs.us-east1",SRX9634472,Illumina NovaSeq 6000,"4% Sample A + 96% Sample B\, enzymatically fragmented",SampleEf_BRP2_ST25_25ng_LIB4,PAIRED,Hybrid Selection,GENOMIC,Homo sapiens,ILLUMINA,2021-02-27T00:00:00Z,2020-12-19T02:07:00Z,1,Sample_Ef_ctDNA,not applicable,SRP296025,not applicable,
SRR13200997,not applicable,Targeted-Capture,284,27180613382,"Agilent Technologies\, 11011 N Torrey Pines Rd.\, La Jolla\, CA 92037\, USA",PRJNA677999,SAMN16786375,Human,11487290483,NATIONAL CENTER FOR TOXICOLOGICAL RESEARCH,public,"sra,fastq,run.zq","ncbi,s3,gs","gs.us-east1,s3.us-east-1,ncbi.public",SRX9634471,Illumina NovaSeq 6000,"4% Sample A + 96% Sample B\, enzymatically fragmented",SampleEf_BRP2_ST25_25ng_LIB3,PAIRED,Hybrid Selection,GENOMIC,Homo sapiens,ILLUMINA,2021-02-27T00:00:00Z,2020-12-07T19:22:00Z,1,Sample_Ef_ctDNA,not applicable,SRP296025,not applicable,
SRR13200998,not applicable,Targeted-Capture,284,39420667144,"Agilent Technologies\, 11011 N Torrey Pines Rd.\, La Jolla\, CA 92037\, USA",PRJNA677999,SAMN16786375,Human,16723744228,NATIONAL CENTER FOR TOXICOLOGICAL RESEARCH,public,"sra,fastq,run.zq","gs,ncbi,s3","s3.us-east-1,gs.us-east1,ncbi.public",SRX9634470,Illumina NovaSeq 6000,"4% Sample A + 96% Sample B\, enzymatically fragmented",SampleEf_BRP2_ST25_25ng_LIB2,PAIRED,Hybrid Selection,GENOMIC,Homo sapiens,ILLUMINA,2021-02-27T00:00:00Z,2020-12-19T02:26:00Z,1,Sample_Ef_ctDNA,not applicable,SRP296025,not applicable,
SRR13200999,not applicable,Targeted-Capture,281,23983126841,"Agilent Technologies\, 11011 N Torrey Pines Rd.\, La Jolla\, CA 92037\, USA",PRJNA677999,SAMN16786375,Human,11043631074,NATIONAL CENTER FOR TOXICOLOGICAL RESEARCH,public,"fastq,run.zq,sra","gs,s3,ncbi","gs.us-east1,s3.us-east-1,ncbi.public",SRX9634469,Illumina NovaSeq 6000,"4% Sample A + 96% Sample B\, enzymatically fragmented",SampleEf_BRP2_ST25_25ng_LIB1,PAIRED,Hybrid Selection,GENOMIC,Homo sapiens,ILLUMINA,2021-02-27T00:00:00Z,2020-12-07T19:22:00Z,1,Sample_Ef_ctDNA,not applicable,SRP296025,not applicable,
SRR13201001,not applicable,Targeted-Capture,281,21126120145,"Agilent Technologies\, 11011 N Torrey Pines Rd.\, La Jolla\, CA 92037\, USA",PRJNA677999,SAMN16786375,Human,9637059467,NATIONAL CENTER FOR TOXICOLOGICAL RESEARCH,public,"sra,fastq,run.zq","gs,s3,ncbi","s3.us-east-1,ncbi.public,gs.us-east1",SRX9634467,Illumina NovaSeq 6000,"4% Sample A + 96% Sample B\, enzymatically fragmented",SampleEf_BRP2_ST25_10ng_LIB4,PAIRED,Hybrid Selection,GENOMIC,Homo sapiens,ILLUMINA,2021-02-27T00:00:00Z,2020-12-07T14:46:00Z,1,Sample_Ef_ctDNA,not applicable,SRP296025,not applicable,
SRR13201002,not applicable,Targeted-Capture,282,30525057947,"Agilent Technologies\, 11011 N Torrey Pines Rd.\, La Jolla\, CA 92037\, USA",PRJNA677999,SAMN16786375,Human,13934575512,NATIONAL CENTER FOR TOXICOLOGICAL RESEARCH,public,"sra,run.zq,fastq","s3,ncbi,gs","s3.us-east-1,ncbi.public,gs.us-east1",SRX9634466,Illumina NovaSeq 6000,"4% Sample A + 96% Sample B\, enzymatically fragmented",SampleEf_BRP2_ST25_10ng_LIB3,PAIRED,Hybrid Selection,GENOMIC,Homo sapiens,ILLUMINA,2021-02-27T00:00:00Z,2020-12-07T17:24:00Z,1,Sample_Ef_ctDNA,not applicable,SRP296025,not applicable,
SRR13201003,not applicable,Targeted-Capture,282,27434871674,"Agilent Technologies\, 11011 N Torrey Pines Rd.\, La Jolla\, CA 92037\, USA",PRJNA677999,SAMN16786375,Human,12412690940,NATIONAL CENTER FOR TOXICOLOGICAL RESEARCH,public,"sra,fastq,run.zq","gs,ncbi,s3","ncbi.public,gs.us-east1,s3.us-east-1",SRX9634465,Illumina NovaSeq 6000,"4% Sample A + 96% Sample B\, enzymatically fragmented",SampleEf_BRP2_ST25_10ng_LIB2,PAIRED,Hybrid Selection,GENOMIC,Homo sapiens,ILLUMINA,2021-02-27T00:00:00Z,2020-12-09T19:39:00Z,1,Sample_Ef_ctDNA,not applicable,SRP296025,not applicable,
SRR13201004,not applicable,Targeted-Capture,282,25620503194,"Agilent Technologies\, 11011 N Torrey Pines Rd.\, La Jolla\, CA 92037\, USA",PRJNA677999,SAMN16786375,Human,11670267553,NATIONAL CENTER FOR TOXICOLOGICAL RESEARCH,public,"sra,fastq,run.zq","ncbi,s3,gs","ncbi.public,s3.us-east-1,gs.us-east1",SRX9634464,Illumina NovaSeq 6000,"4% Sample A + 96% Sample B\, enzymatically fragmented",SampleEf_BRP2_ST25_10ng_LIB1,PAIRED,Hybrid Selection,GENOMIC,Homo sapiens,ILLUMINA,2021-02-27T00:00:00Z,2020-12-07T19:04:00Z,1,Sample_Ef_ctDNA,not applicable,SRP296025,not applicable,
SRR13202788,not applicable,AMPLICON,64,237385606,"Agilent Technologies\, 11011 N Torrey Pines Rd.\, La Jolla\, CA 92037\, USA",PRJNA677999,SAMN16786375,Human,134615818,NATIONAL CENTER FOR TOXICOLOGICAL RESEARCH,public,"sra,bam,run.zq","ncbi,gs,s3","gs.us-east1,ncbi.public,s3.us-east-1",SRX9636105,Ion Torrent S5 XL,"4% Sample A + 96% Sample B\, enzymatically fragmented",SampleEf_TFS2_ST24_25ng_LIB4,SINGLE,PCR,GENOMIC,Homo sapiens,ION_TORRENT,2021-02-27T00:00:00Z,2020-12-05T19:02:00Z,1,Sample_Ef_ctDNA,not applicable,SRP296025,not applicable,GCA_000001405.13
SRR13202789,not applicable,AMPLICON,58,218148714,"Agilent Technologies\, 11011 N Torrey Pines Rd.\, La Jolla\, CA 92037\, USA",PRJNA677999,SAMN16786375,Human,125333341,NATIONAL CENTER FOR TOXICOLOGICAL RESEARCH,public,"sra,bam,run.zq","ncbi,gs,s3","ncbi.public,gs.us-east1,s3.us-east-1",SRX9636104,Ion Torrent S5 XL,"4% Sample A + 96% Sample B\, enzymatically fragmented",SampleEf_TFS2_ST24_25ng_LIB3,SINGLE,PCR,GENOMIC,Homo sapiens,ION_TORRENT,2021-02-27T00:00:00Z,2020-12-05T19:02:00Z,1,Sample_Ef_ctDNA,not applicable,SRP296025,not applicable,GCA_000001405.13
SRR13202790,not applicable,AMPLICON,64,245129910,"Agilent Technologies\, 11011 N Torrey Pines Rd.\, La Jolla\, CA 92037\, USA",PRJNA677999,SAMN16786375,Human,135236400,NATIONAL CENTER FOR TOXICOLOGICAL RESEARCH,public,"sra,bam,run.zq","s3,gs,ncbi","gs.us-east1,s3.us-east-1,ncbi.public",SRX9636103,Ion Torrent S5 XL,"4% Sample A + 96% Sample B\, enzymatically fragmented",SampleEf_TFS2_ST24_25ng_LIB2,SINGLE,PCR,GENOMIC,Homo sapiens,ION_TORRENT,2021-02-27T00:00:00Z,2020-12-05T19:01:00Z,1,Sample_Ef_ctDNA,not applicable,SRP296025,not applicable,GCA_000001405.13
SRR13202791,not applicable,AMPLICON,62,268156477,"Agilent Technologies\, 11011 N Torrey Pines Rd.\, La Jolla\, CA 92037\, USA",PRJNA677999,SAMN16786375,Human,153587756,NATIONAL CENTER FOR TOXICOLOGICAL RESEARCH,public,"bam,sra,run.zq","ncbi,gs,s3","s3.us-east-1,gs.us-east1,ncbi.public",SRX9636102,Ion Torrent S5 XL,"4% Sample A + 96% Sample B\, enzymatically fragmented",SampleEf_TFS2_ST24_25ng_LIB1,SINGLE,PCR,GENOMIC,Homo sapiens,ION_TORRENT,2021-02-27T00:00:00Z,2020-12-05T19:02:00Z,1,Sample_Ef_ctDNA,not applicable,SRP296025,not applicable,GCA_000001405.13
SRR13202792,not applicable,AMPLICON,48,177856579,"Agilent Technologies\, 11011 N Torrey Pines Rd.\, La Jolla\, CA 92037\, USA",PRJNA677999,SAMN16786375,Human,108050439,NATIONAL CENTER FOR TOXICOLOGICAL RESEARCH,public,"run.zq,sra,bam","gs,s3,ncbi","s3.us-east-1,gs.us-east1,ncbi.public",SRX9636101,Ion Torrent S5 XL,"4% Sample A + 96% Sample B\, enzymatically fragmented",SampleEf_TFS2_ST24_10ng_LIB4,SINGLE,PCR,GENOMIC,Homo sapiens,ION_TORRENT,2021-02-27T00:00:00Z,2020-12-05T19:02:00Z,1,Sample_Ef_ctDNA,not applicable,SRP296025,not applicable,GCA_000001405.13
SRR13202793,not applicable,AMPLICON,52,160417951,"Agilent Technologies\, 11011 N Torrey Pines Rd.\, La Jolla\, CA 92037\, USA",PRJNA677999,SAMN16786375,Human,98028219,NATIONAL CENTER FOR TOXICOLOGICAL RESEARCH,public,"sra,bam,run.zq","s3,gs,ncbi","ncbi.public,s3.us-east-1,gs.us-east1",SRX9636100,Ion Torrent S5 XL,"4% Sample A + 96% Sample B\, enzymatically fragmented",SampleEf_TFS2_ST24_10ng_LIB3,SINGLE,PCR,GENOMIC,Homo sapiens,ION_TORRENT,2021-02-27T00:00:00Z,2020-12-05T19:02:00Z,1,Sample_Ef_ctDNA,not applicable,SRP296025,not applicable,GCA_000001405.13
SRR13202794,not applicable,AMPLICON,52,211865144,"Agilent Technologies\, 11011 N Torrey Pines Rd.\, La Jolla\, CA 92037\, USA",PRJNA677999,SAMN16786375,Human,127295626,NATIONAL CENTER FOR TOXICOLOGICAL RESEARCH,public,"bam,sra,run.zq","gs,ncbi,s3","ncbi.public,gs.us-east1,s3.us-east-1",SRX9636099,Ion Torrent S5 XL,"4% Sample A + 96% Sample B\, enzymatically fragmented",SampleEf_TFS2_ST24_10ng_LIB2,SINGLE,PCR,GENOMIC,Homo sapiens,ION_TORRENT,2021-02-27T00:00:00Z,2020-12-05T19:02:00Z,1,Sample_Ef_ctDNA,not applicable,SRP296025,not applicable,GCA_000001405.13
SRR13202795,not applicable,AMPLICON,54,214689237,"Agilent Technologies\, 11011 N Torrey Pines Rd.\, La Jolla\, CA 92037\, USA",PRJNA677999,SAMN16786375,Human,127856819,NATIONAL CENTER FOR TOXICOLOGICAL RESEARCH,public,"run.zq,sra,bam","s3,gs,ncbi","s3.us-east-1,ncbi.public,gs.us-east1",SRX9636098,Ion Torrent S5 XL,"4% Sample A + 96% Sample B\, enzymatically fragmented",SampleEf_TFS2_ST24_10ng_LIB1,SINGLE,PCR,GENOMIC,Homo sapiens,ION_TORRENT,2021-02-27T00:00:00Z,2020-12-05T19:02:00Z,1,Sample_Ef_ctDNA,not applicable,SRP296025,not applicable,GCA_000001405.13
SRR13202823,not applicable,AMPLICON,50,207738941,"Agilent Technologies\, 11011 N Torrey Pines Rd.\, La Jolla\, CA 92037\, USA",PRJNA677999,SAMN16786375,Human,127047398,NATIONAL CENTER FOR TOXICOLOGICAL RESEARCH,public,"run.zq,bam,sra","gs,s3,ncbi","gs.us-east1,s3.us-east-1,ncbi.public",SRX9636070,Ion Torrent S5 XL,"4% Sample A + 96% Sample B\, enzymatically fragmented",SampleEf_TFS2_ST23_10ng_LIB4,SINGLE,PCR,GENOMIC,Homo sapiens,ION_TORRENT,2021-02-27T00:00:00Z,2020-12-05T19:02:00Z,1,Sample_Ef_ctDNA,not applicable,SRP296025,not applicable,GCA_000001405.13
SRR13202824,not applicable,AMPLICON,54,136797727,"Agilent Technologies\, 11011 N Torrey Pines Rd.\, La Jolla\, CA 92037\, USA",PRJNA677999,SAMN16786375,Human,82554222,NATIONAL CENTER FOR TOXICOLOGICAL RESEARCH,public,"sra,run.zq,bam","ncbi,gs,s3","ncbi.public,s3.us-east-1,gs.us-east1",SRX9636069,Ion Torrent S5 XL,"4% Sample A + 96% Sample B\, enzymatically fragmented",SampleEf_TFS2_ST23_10ng_LIB3,SINGLE,PCR,GENOMIC,Homo sapiens,ION_TORRENT,2021-02-27T00:00:00Z,2020-12-05T19:02:00Z,1,Sample_Ef_ctDNA,not applicable,SRP296025,not applicable,GCA_000001405.13
SRR13202825,not applicable,AMPLICON,56,272982666,"Agilent Technologies\, 11011 N Torrey Pines Rd.\, La Jolla\, CA 92037\, USA",PRJNA677999,SAMN16786375,Human,160360067,NATIONAL CENTER FOR TOXICOLOGICAL RESEARCH,public,"sra,TenX,run.zq","ncbi,gs,s3","ncbi.public,gs.us-east1,s3.us-east-1",SRX9636068,Ion Torrent S5 XL,"4% Sample A + 96% Sample B\, enzymatically fragmented",SampleEf_TFS2_ST23_10ng_LIB2,SINGLE,PCR,GENOMIC,Homo sapiens,ION_TORRENT,2021-02-27T00:00:00Z,2020-12-05T19:02:00Z,1,Sample_Ef_ctDNA,not applicable,SRP296025,not applicable,GCA_000001405.13
SRR13202826,not applicable,AMPLICON,56,165343026,"Agilent Technologies\, 11011 N Torrey Pines Rd.\, La Jolla\, CA 92037\, USA",PRJNA677999,SAMN16786375,Human,97213863,NATIONAL CENTER FOR TOXICOLOGICAL RESEARCH,public,"sra,bam,run.zq","ncbi,s3,gs","s3.us-east-1,gs.us-east1,ncbi.public",SRX9636067,Ion Torrent S5 XL,"4% Sample A + 96% Sample B\, enzymatically fragmented",SampleEf_TFS2_ST23_10ng_LIB1,SINGLE,PCR,GENOMIC,Homo sapiens,ION_TORRENT,2021-02-27T00:00:00Z,2020-12-05T19:02:00Z,1,Sample_Ef_ctDNA,not applicable,SRP296025,not applicable,GCA_000001405.13
SRR13202854,not applicable,AMPLICON,79,462723177,"Agilent Technologies\, 11011 N Torrey Pines Rd.\, La Jolla\, CA 92037\, USA",PRJNA677999,SAMN16786375,Human,245649443,NATIONAL CENTER FOR TOXICOLOGICAL RESEARCH,public,"bam,sra,run.zq","ncbi,s3,gs","ncbi.public,gs.us-east1,s3.us-east-1",SRX9636039,Ion Torrent S5 XL,"4% Sample A + 96% Sample B\, enzymatically fragmented",SampleEf_TFS2_ST22_25ng_LIB4,SINGLE,PCR,GENOMIC,Homo sapiens,ION_TORRENT,2021-02-27T00:00:00Z,2020-12-05T19:03:00Z,1,Sample_Ef_ctDNA,not applicable,SRP296025,not applicable,GCA_000001405.13
SRR13202855,not applicable,AMPLICON,84,458735656,"Agilent Technologies\, 11011 N Torrey Pines Rd.\, La Jolla\, CA 92037\, USA",PRJNA677999,SAMN16786375,Human,237595054,NATIONAL CENTER FOR TOXICOLOGICAL RESEARCH,public,"run.zq,bam,sra","gs,ncbi,s3","ncbi.public,s3.us-east-1,gs.us-east1",SRX9636038,Ion Torrent S5 XL,"4% Sample A + 96% Sample B\, enzymatically fragmented",SampleEf_TFS2_ST22_25ng_LIB3,SINGLE,PCR,GENOMIC,Homo sapiens,ION_TORRENT,2021-02-27T00:00:00Z,2020-12-05T19:03:00Z,1,Sample_Ef_ctDNA,not applicable,SRP296025,not applicable,GCA_000001405.13
SRR13202856,not applicable,AMPLICON,76,363303035,"Agilent Technologies\, 11011 N Torrey Pines Rd.\, La Jolla\, CA 92037\, USA",PRJNA677999,SAMN16786375,Human,191433781,NATIONAL CENTER FOR TOXICOLOGICAL RESEARCH,public,"sra,run.zq,bam","ncbi,gs,s3","gs.us-east1,ncbi.public,s3.us-east-1",SRX9636037,Ion Torrent S5 XL,"4% Sample A + 96% Sample B\, enzymatically fragmented",SampleEf_TFS2_ST22_25ng_LIB2,SINGLE,PCR,GENOMIC,Homo sapiens,ION_TORRENT,2021-02-27T00:00:00Z,2020-12-05T19:03:00Z,1,Sample_Ef_ctDNA,not applicable,SRP296025,not applicable,GCA_000001405.13
SRR13202857,not applicable,AMPLICON,81,451065999,"Agilent Technologies\, 11011 N Torrey Pines Rd.\, La Jolla\, CA 92037\, USA",PRJNA677999,SAMN16786375,Human,240678252,NATIONAL CENTER FOR TOXICOLOGICAL RESEARCH,public,"sra,run.zq,bam","gs,ncbi,s3","ncbi.public,gs.us-east1,s3.us-east-1",SRX9636036,Ion Torrent S5 XL,"4% Sample A + 96% Sample B\, enzymatically fragmented",SampleEf_TFS2_ST22_25ng_LIB1,SINGLE,PCR,GENOMIC,Homo sapiens,ION_TORRENT,2021-02-27T00:00:00Z,2020-12-05T19:03:00Z,1,Sample_Ef_ctDNA,not applicable,SRP296025,not applicable,GCA_000001405.13
SRR13202858,not applicable,AMPLICON,80,336384199,"Agilent Technologies\, 11011 N Torrey Pines Rd.\, La Jolla\, CA 92037\, USA",PRJNA677999,SAMN16786375,Human,176637405,NATIONAL CENTER FOR TOXICOLOGICAL RESEARCH,public,"bam,run.zq,sra","s3,ncbi,gs","ncbi.public,gs.us-east1,s3.us-east-1",SRX9636035,Ion Torrent S5 XL,"4% Sample A + 96% Sample B\, enzymatically fragmented",SampleEf_TFS2_ST22_10ng_LIB4,SINGLE,PCR,GENOMIC,Homo sapiens,ION_TORRENT,2021-02-27T00:00:00Z,2020-12-05T19:03:00Z,1,Sample_Ef_ctDNA,not applicable,SRP296025,not applicable,GCA_000001405.13
SRR13202859,not applicable,AMPLICON,64,262636862,"Agilent Technologies\, 11011 N Torrey Pines Rd.\, La Jolla\, CA 92037\, USA",PRJNA677999,SAMN16786375,Human,149857422,NATIONAL CENTER FOR TOXICOLOGICAL RESEARCH,public,"sra,run.zq,bam","s3,gs,ncbi","ncbi.public,gs.us-east1,s3.us-east-1",SRX9636034,Ion Torrent S5 XL,"4% Sample A + 96% Sample B\, enzymatically fragmented",SampleEf_TFS2_ST22_10ng_LIB3,SINGLE,PCR,GENOMIC,Homo sapiens,ION_TORRENT,2021-02-27T00:00:00Z,2020-12-05T19:02:00Z,1,Sample_Ef_ctDNA,not applicable,SRP296025,not applicable,GCA_000001405.13
SRR13202860,not applicable,AMPLICON,72,311387193,"Agilent Technologies\, 11011 N Torrey Pines Rd.\, La Jolla\, CA 92037\, USA",PRJNA677999,SAMN16786375,Human,169909616,NATIONAL CENTER FOR TOXICOLOGICAL RESEARCH,public,"run.zq,bam,sra","gs,ncbi,s3","ncbi.public,s3.us-east-1,gs.us-east1",SRX9636033,Ion Torrent S5 XL,"4% Sample A + 96% Sample B\, enzymatically fragmented",SampleEf_TFS2_ST22_10ng_LIB2,SINGLE,PCR,GENOMIC,Homo sapiens,ION_TORRENT,2021-02-27T00:00:00Z,2020-12-05T19:03:00Z,1,Sample_Ef_ctDNA,not applicable,SRP296025,not applicable,GCA_000001405.13
SRR13202861,not applicable,AMPLICON,69,314477014,"Agilent Technologies\, 11011 N Torrey Pines Rd.\, La Jolla\, CA 92037\, USA",PRJNA677999,SAMN16786375,Human,175039455,NATIONAL CENTER FOR TOXICOLOGICAL RESEARCH,public,"sra,bam,run.zq","s3,gs,ncbi","gs.us-east1,ncbi.public,s3.us-east-1",SRX9636032,Ion Torrent S5 XL,"4% Sample A + 96% Sample B\, enzymatically fragmented",SampleEf_TFS2_ST22_10ng_LIB1,SINGLE,PCR,GENOMIC,Homo sapiens,ION_TORRENT,2021-02-27T00:00:00Z,2020-12-05T19:03:00Z,1,Sample_Ef_ctDNA,not applicable,SRP296025,not applicable,GCA_000001405.13
SRR13203966,not applicable,AMPLICON,76,439845249,"Agilent Technologies\, 11011 N Torrey Pines Rd.\, La Jolla\, CA 92037\, USA",PRJNA677999,SAMN16786375,Human,234536397,NATIONAL CENTER FOR TOXICOLOGICAL RESEARCH,public,"run.zq,sra,bam","gs,ncbi,s3","s3.us-east-1,ncbi.public,gs.us-east1",SRX9637222,Ion Torrent S5 XL,"4% Sample A + 96% Sample B\, enzymatically fragmented",SampleEf_TFS2_ST23_25ng_LIB4,SINGLE,PCR,GENOMIC,Homo sapiens,ION_TORRENT,2021-02-27T00:00:00Z,2020-12-06T11:03:00Z,1,Sample_Ef_ctDNA,not applicable,SRP296025,not applicable,GCA_000001405.13
SRR13203967,not applicable,AMPLICON,77,287994339,"Agilent Technologies\, 11011 N Torrey Pines Rd.\, La Jolla\, CA 92037\, USA",PRJNA677999,SAMN16786375,Human,157461272,NATIONAL CENTER FOR TOXICOLOGICAL RESEARCH,public,"bam,sra,run.zq","gs,ncbi,s3","gs.us-east1,ncbi.public,s3.us-east-1",SRX9637221,Ion Torrent S5 XL,"4% Sample A + 96% Sample B\, enzymatically fragmented",SampleEf_TFS2_ST23_25ng_LIB3,SINGLE,PCR,GENOMIC,Homo sapiens,ION_TORRENT,2021-02-27T00:00:00Z,2020-12-06T11:03:00Z,1,Sample_Ef_ctDNA,not applicable,SRP296025,not applicable,GCA_000001405.13
SRR13203968,not applicable,AMPLICON,75,395832291,"Agilent Technologies\, 11011 N Torrey Pines Rd.\, La Jolla\, CA 92037\, USA",PRJNA677999,SAMN16786375,Human,212661756,NATIONAL CENTER FOR TOXICOLOGICAL RESEARCH,public,"run.zq,bam,sra","ncbi,s3,gs","gs.us-east1,ncbi.public,s3.us-east-1",SRX9637220,Ion Torrent S5 XL,"4% Sample A + 96% Sample B\, enzymatically fragmented",SampleEf_TFS2_ST23_25ng_LIB2,SINGLE,PCR,GENOMIC,Homo sapiens,ION_TORRENT,2021-02-27T00:00:00Z,2020-12-06T11:03:00Z,1,Sample_Ef_ctDNA,not applicable,SRP296025,not applicable,GCA_000001405.13
SRR13203969,not applicable,AMPLICON,73,527239814,"Agilent Technologies\, 11011 N Torrey Pines Rd.\, La Jolla\, CA 92037\, USA",PRJNA677999,SAMN16786375,Human,284331464,NATIONAL CENTER FOR TOXICOLOGICAL RESEARCH,public,"sra,run.zq,TenX","s3,ncbi,gs","gs.us-east1,s3.us-east-1,ncbi.public",SRX9637219,Ion Torrent S5 XL,"4% Sample A + 96% Sample B\, enzymatically fragmented",SampleEf_TFS2_ST23_25ng_LIB1,SINGLE,PCR,GENOMIC,Homo sapiens,ION_TORRENT,2021-02-27T00:00:00Z,2020-12-06T11:04:00Z,1,Sample_Ef_ctDNA,not applicable,SRP296025,not applicable,GCA_000001405.13
SRR13385566,not applicable,Targeted-Capture,287,107917882248,"Agilent Technologies\, 11011 N Torrey Pines Rd.\, La Jolla\, CA 92037\, USA",PRJNA677999,SAMN16786375,Human,37079230539,NATIONAL CENTER FOR TOXICOLOGICAL RESEARCH,public,"sra,run.zq,fastq","s3,ncbi,gs","ncbi.public,s3.us-east-1,gs.us-east1",SRX9804924,Illumina NovaSeq 6000,"4% Sample A + 96% Sample B\, enzymatically fragmented",SampleEf_ILM2_ST10_10ng_LIB2,PAIRED,Hybrid Selection,GENOMIC,Homo sapiens,ILLUMINA,2021-02-27T00:00:00Z,2021-01-08T14:10:00Z,1,Sample_Ef_ctDNA,not applicable,SRP296025,not applicable,
SRR13385567,not applicable,Targeted-Capture,282,95962229085,"Agilent Technologies\, 11011 N Torrey Pines Rd.\, La Jolla\, CA 92037\, USA",PRJNA677999,SAMN16786375,Human,33856108017,NATIONAL CENTER FOR TOXICOLOGICAL RESEARCH,public,"sra,run.zq,fastq","ncbi,gs,s3","gs.us-east1,s3.us-east-1,ncbi.public",SRX9804923,Illumina NovaSeq 6000,"4% Sample A + 96% Sample B\, enzymatically fragmented",SampleEf_ILM2_ST10_10ng_LIB1,PAIRED,Hybrid Selection,GENOMIC,Homo sapiens,ILLUMINA,2021-02-27T00:00:00Z,2021-01-08T12:02:00Z,1,Sample_Ef_ctDNA,not applicable,SRP296025,not applicable,
SRR13385577,not applicable,Targeted-Capture,275,46400535107,"Agilent Technologies\, 11011 N Torrey Pines Rd.\, La Jolla\, CA 92037\, USA",PRJNA677999,SAMN16786375,Human,14925346222,NATIONAL CENTER FOR TOXICOLOGICAL RESEARCH,public,"fastq,sra,run.zq","gs,ncbi,s3","ncbi.public,gs.us-east1,s3.us-east-1",SRX9804913,Illumina NovaSeq 6000,"4% Sample A + 96% Sample B\, enzymatically fragmented",SampleEf_ILM2_ST29_25ng_LIB4,PAIRED,Hybrid Selection,GENOMIC,Homo sapiens,ILLUMINA,2021-02-27T00:00:00Z,2021-01-12T20:36:00Z,1,Sample_Ef_ctDNA,not applicable,SRP296025,not applicable,
SRR13385578,not applicable,Targeted-Capture,188,77846161297,"Agilent Technologies\, 11011 N Torrey Pines Rd.\, La Jolla\, CA 92037\, USA",PRJNA677999,SAMN16786375,Human,25939048964,NATIONAL CENTER FOR TOXICOLOGICAL RESEARCH,public,"run.zq,fastq,sra","s3,ncbi,gs","s3.us-east-1,ncbi.public,gs.us-east1",SRX9804912,Illumina NovaSeq 6000,"4% Sample A + 96% Sample B\, enzymatically fragmented",SampleEf_ILM2_ST29_25ng_LIB3,PAIRED,Hybrid Selection,GENOMIC,Homo sapiens,ILLUMINA,2021-02-27T00:00:00Z,2021-01-08T11:14:00Z,1,Sample_Ef_ctDNA,not applicable,SRP296025,not applicable,
SRR13385579,not applicable,Targeted-Capture,278,44999756281,"Agilent Technologies\, 11011 N Torrey Pines Rd.\, La Jolla\, CA 92037\, USA",PRJNA677999,SAMN16786375,Human,14632662118,NATIONAL CENTER FOR TOXICOLOGICAL RESEARCH,public,"fastq,sra,run.zq","gs,ncbi,s3","s3.us-east-1,ncbi.public,gs.us-east1",SRX9804911,Illumina NovaSeq 6000,"4% Sample A + 96% Sample B\, enzymatically fragmented",SampleEf_ILM2_ST29_25ng_LIB2,PAIRED,Hybrid Selection,GENOMIC,Homo sapiens,ILLUMINA,2021-02-27T00:00:00Z,2021-01-08T07:51:00Z,1,Sample_Ef_ctDNA,not applicable,SRP296025,not applicable,
SRR13385580,not applicable,Targeted-Capture,286,45665010550,"Agilent Technologies\, 11011 N Torrey Pines Rd.\, La Jolla\, CA 92037\, USA",PRJNA677999,SAMN16786375,Human,15084237148,NATIONAL CENTER FOR TOXICOLOGICAL RESEARCH,public,"run.zq,fastq,sra","gs,ncbi,s3","gs.us-east1,s3.us-east-1,ncbi.public",SRX9804910,Illumina NovaSeq 6000,"4% Sample A + 96% Sample B\, enzymatically fragmented",SampleEf_ILM2_ST29_25ng_LIB1,PAIRED,Hybrid Selection,GENOMIC,Homo sapiens,ILLUMINA,2021-02-27T00:00:00Z,2021-01-08T07:53:00Z,1,Sample_Ef_ctDNA,not applicable,SRP296025,not applicable,
SRR13385582,not applicable,Targeted-Capture,285,114205896908,"Agilent Technologies\, 11011 N Torrey Pines Rd.\, La Jolla\, CA 92037\, USA",PRJNA677999,SAMN16786375,Human,37594863228,NATIONAL CENTER FOR TOXICOLOGICAL RESEARCH,public,"fastq,sra,run.zq","s3,gs,ncbi","s3.us-east-1,ncbi.public,gs.us-east1",SRX9804908,Illumina NovaSeq 6000,"4% Sample A + 96% Sample B\, enzymatically fragmented",SampleEf_ILM2_ST29_10ng_LIB4,PAIRED,Hybrid Selection,GENOMIC,Homo sapiens,ILLUMINA,2021-02-27T00:00:00Z,2021-01-08T13:51:00Z,1,Sample_Ef_ctDNA,not applicable,SRP296025,not applicable,
SRR13385583,not applicable,Targeted-Capture,286,101628862467,"Agilent Technologies\, 11011 N Torrey Pines Rd.\, La Jolla\, CA 92037\, USA",PRJNA677999,SAMN16786375,Human,33466685486,NATIONAL CENTER FOR TOXICOLOGICAL RESEARCH,public,"fastq,sra,run.zq","gs,ncbi,s3","gs.us-east1,s3.us-east-1,ncbi.public",SRX9804907,Illumina NovaSeq 6000,"4% Sample A + 96% Sample B\, enzymatically fragmented",SampleEf_ILM2_ST29_10ng_LIB3,PAIRED,Hybrid Selection,GENOMIC,Homo sapiens,ILLUMINA,2021-02-27T00:00:00Z,2021-01-08T13:05:00Z,1,Sample_Ef_ctDNA,not applicable,SRP296025,not applicable,
SRR13385584,not applicable,Targeted-Capture,283,121391597711,"Agilent Technologies\, 11011 N Torrey Pines Rd.\, La Jolla\, CA 92037\, USA",PRJNA677999,SAMN16786375,Human,40237414906,NATIONAL CENTER FOR TOXICOLOGICAL RESEARCH,public,"sra,run.zq,fastq","ncbi,s3,gs","ncbi.public,s3.us-east-1,gs.us-east1",SRX9804906,Illumina NovaSeq 6000,"4% Sample A + 96% Sample B\, enzymatically fragmented",SampleEf_ILM2_ST29_10ng_LIB2,PAIRED,Hybrid Selection,GENOMIC,Homo sapiens,ILLUMINA,2021-02-27T00:00:00Z,2021-01-08T11:29:00Z,1,Sample_Ef_ctDNA,not applicable,SRP296025,not applicable,
SRR13385585,not applicable,Targeted-Capture,282,92368010251,"Agilent Technologies\, 11011 N Torrey Pines Rd.\, La Jolla\, CA 92037\, USA",PRJNA677999,SAMN16786375,Human,30931750935,NATIONAL CENTER FOR TOXICOLOGICAL RESEARCH,public,"run.zq,sra,fastq","ncbi,gs,s3","ncbi.public,s3.us-east-1,gs.us-east1",SRX9804905,Illumina NovaSeq 6000,"4% Sample A + 96% Sample B\, enzymatically fragmented",SampleEf_ILM2_ST29_10ng_LIB1,PAIRED,Hybrid Selection,GENOMIC,Homo sapiens,ILLUMINA,2021-02-27T00:00:00Z,2021-01-08T10:16:00Z,1,Sample_Ef_ctDNA,not applicable,SRP296025,not applicable,
SRR13385604,not applicable,Targeted-Capture,263,78825817108,"Agilent Technologies\, 11011 N Torrey Pines Rd.\, La Jolla\, CA 92037\, USA",PRJNA677999,SAMN16786375,Human,37183142821,NATIONAL CENTER FOR TOXICOLOGICAL RESEARCH,public,"fastq,sra,run.zq","s3,ncbi,gs","ncbi.public,s3.us-east-1,gs.us-east1",SRX9804886,Illumina NovaSeq 6000,"4% Sample A + 96% Sample B\, enzymatically fragmented",SampleEf_ILM2_ST23_25ng_LIB4,PAIRED,Hybrid Selection,GENOMIC,Homo sapiens,ILLUMINA,2021-02-27T00:00:00Z,2021-01-13T08:20:00Z,1,Sample_Ef_ctDNA,not applicable,SRP296025,not applicable,
SRR13385605,not applicable,Targeted-Capture,260,86880921671,"Agilent Technologies\, 11011 N Torrey Pines Rd.\, La Jolla\, CA 92037\, USA",PRJNA677999,SAMN16786375,Human,40601707081,NATIONAL CENTER FOR TOXICOLOGICAL RESEARCH,public,"sra,run.zq,fastq","ncbi,gs,s3","s3.us-east-1,gs.us-east1,ncbi.public",SRX9804885,Illumina NovaSeq 6000,"4% Sample A + 96% Sample B\, enzymatically fragmented",SampleEf_ILM2_ST23_25ng_LIB3,PAIRED,Hybrid Selection,GENOMIC,Homo sapiens,ILLUMINA,2021-02-27T00:00:00Z,2021-01-13T01:44:00Z,1,Sample_Ef_ctDNA,not applicable,SRP296025,not applicable,
SRR13385606,not applicable,Targeted-Capture,258,51369176674,"Agilent Technologies\, 11011 N Torrey Pines Rd.\, La Jolla\, CA 92037\, USA",PRJNA677999,SAMN16786375,Human,24147253935,NATIONAL CENTER FOR TOXICOLOGICAL RESEARCH,public,"fastq,run.zq,sra","s3,gs,ncbi","s3.us-east-1,ncbi.public,gs.us-east1",SRX9804884,Illumina NovaSeq 6000,"4% Sample A + 96% Sample B\, enzymatically fragmented",SampleEf_ILM2_ST23_25ng_LIB2,PAIRED,Hybrid Selection,GENOMIC,Homo sapiens,ILLUMINA,2021-02-27T00:00:00Z,2021-01-12T16:12:00Z,1,Sample_Ef_ctDNA,not applicable,SRP296025,not applicable,
SRR13385607,not applicable,Targeted-Capture,254,76385237323,"Agilent Technologies\, 11011 N Torrey Pines Rd.\, La Jolla\, CA 92037\, USA",PRJNA677999,SAMN16786375,Human,34822520787,NATIONAL CENTER FOR TOXICOLOGICAL RESEARCH,public,"run.zq,fastq,sra","gs,s3,ncbi","ncbi.public,gs.us-east1,s3.us-east-1",SRX9804883,Illumina NovaSeq 6000,"4% Sample A + 96% Sample B\, enzymatically fragmented",SampleEf_ILM2_ST23_25ng_LIB1,PAIRED,Hybrid Selection,GENOMIC,Homo sapiens,ILLUMINA,2021-02-27T00:00:00Z,2021-01-15T06:09:00Z,1,Sample_Ef_ctDNA,not applicable,SRP296025,not applicable,
SRR13385608,not applicable,Targeted-Capture,269,69245506067,"Agilent Technologies\, 11011 N Torrey Pines Rd.\, La Jolla\, CA 92037\, USA",PRJNA677999,SAMN16786375,Human,32587568728,NATIONAL CENTER FOR TOXICOLOGICAL RESEARCH,public,"fastq,sra,run.zq","ncbi,s3,gs","ncbi.public,s3.us-east-1,gs.us-east1",SRX9804882,Illumina NovaSeq 6000,"4% Sample A + 96% Sample B\, enzymatically fragmented",SampleEf_ILM2_ST23_10ng_LIB4,PAIRED,Hybrid Selection,GENOMIC,Homo sapiens,ILLUMINA,2021-02-27T00:00:00Z,2021-01-12T21:22:00Z,1,Sample_Ef_ctDNA,not applicable,SRP296025,not applicable,
SRR13385609,not applicable,Targeted-Capture,268,69096614469,"Agilent Technologies\, 11011 N Torrey Pines Rd.\, La Jolla\, CA 92037\, USA",PRJNA677999,SAMN16786375,Human,31999815950,NATIONAL CENTER FOR TOXICOLOGICAL RESEARCH,public,"run.zq,sra,fastq","ncbi,s3,gs","ncbi.public,gs.us-east1,s3.us-east-1",SRX9804881,Illumina NovaSeq 6000,"4% Sample A + 96% Sample B\, enzymatically fragmented",SampleEf_ILM2_ST23_10ng_LIB3,PAIRED,Hybrid Selection,GENOMIC,Homo sapiens,ILLUMINA,2021-02-27T00:00:00Z,2021-01-12T20:46:00Z,1,Sample_Ef_ctDNA,not applicable,SRP296025,not applicable,
SRR13385610,not applicable,Targeted-Capture,260,57253926983,"Agilent Technologies\, 11011 N Torrey Pines Rd.\, La Jolla\, CA 92037\, USA",PRJNA677999,SAMN16786375,Human,26881413647,NATIONAL CENTER FOR TOXICOLOGICAL RESEARCH,public,"fastq,sra,run.zq","gs,ncbi,s3","s3.us-east-1,gs.us-east1,ncbi.public",SRX9804880,Illumina NovaSeq 6000,"4% Sample A + 96% Sample B\, enzymatically fragmented",SampleEf_ILM2_ST23_10ng_LIB2,PAIRED,Hybrid Selection,GENOMIC,Homo sapiens,ILLUMINA,2021-02-27T00:00:00Z,2021-01-12T12:36:00Z,1,Sample_Ef_ctDNA,not applicable,SRP296025,not applicable,
SRR13385611,not applicable,Targeted-Capture,262,83023816695,"Agilent Technologies\, 11011 N Torrey Pines Rd.\, La Jolla\, CA 92037\, USA",PRJNA677999,SAMN16786375,Human,37422232091,NATIONAL CENTER FOR TOXICOLOGICAL RESEARCH,public,"run.zq,fastq,sra","ncbi,s3,gs","ncbi.public,gs.us-east1,s3.us-east-1",SRX9804879,Illumina NovaSeq 6000,"4% Sample A + 96% Sample B\, enzymatically fragmented",SampleEf_ILM2_ST23_10ng_LIB1,PAIRED,Hybrid Selection,GENOMIC,Homo sapiens,ILLUMINA,2021-02-27T00:00:00Z,2021-01-13T05:00:00Z,1,Sample_Ef_ctDNA,not applicable,SRP296025,not applicable,
SRR13385630,not applicable,Targeted-Capture,283,119457544063,"Agilent Technologies\, 11011 N Torrey Pines Rd.\, La Jolla\, CA 92037\, USA",PRJNA677999,SAMN16786375,Human,40697493736,NATIONAL CENTER FOR TOXICOLOGICAL RESEARCH,public,"fastq,sra,run.zq","ncbi,s3,gs","s3.us-east-1,ncbi.public,gs.us-east1",SRX9804860,Illumina NovaSeq 6000,"4% Sample A + 96% Sample B\, enzymatically fragmented",SampleEf_ILM2_ST10_25ng_LIB4,PAIRED,Hybrid Selection,GENOMIC,Homo sapiens,ILLUMINA,2021-02-27T00:00:00Z,2021-01-08T13:22:00Z,1,Sample_Ef_ctDNA,not applicable,SRP296025,not applicable,
SRR13385631,not applicable,Targeted-Capture,284,126441326395,"Agilent Technologies\, 11011 N Torrey Pines Rd.\, La Jolla\, CA 92037\, USA",PRJNA677999,SAMN16786375,Human,42936765868,NATIONAL CENTER FOR TOXICOLOGICAL RESEARCH,public,"fastq,sra,run.zq","gs,ncbi,s3","ncbi.public,s3.us-east-1,gs.us-east1",SRX9804859,Illumina NovaSeq 6000,"4% Sample A + 96% Sample B\, enzymatically fragmented",SampleEf_ILM2_ST10_25ng_LIB3,PAIRED,Hybrid Selection,GENOMIC,Homo sapiens,ILLUMINA,2021-02-27T00:00:00Z,2021-01-08T12:03:00Z,1,Sample_Ef_ctDNA,not applicable,SRP296025,not applicable,
SRR13385632,not applicable,Targeted-Capture,282,123357285006,"Agilent Technologies\, 11011 N Torrey Pines Rd.\, La Jolla\, CA 92037\, USA",PRJNA677999,SAMN16786375,Human,42272238697,NATIONAL CENTER FOR TOXICOLOGICAL RESEARCH,public,"fastq,run.zq,sra","ncbi,gs,s3","gs.us-east1,s3.us-east-1,ncbi.public",SRX9804858,Illumina NovaSeq 6000,"4% Sample A + 96% Sample B\, enzymatically fragmented",SampleEf_ILM2_ST10_25ng_LIB2,PAIRED,Hybrid Selection,GENOMIC,Homo sapiens,ILLUMINA,2021-02-27T00:00:00Z,2021-01-08T13:21:00Z,1,Sample_Ef_ctDNA,not applicable,SRP296025,not applicable,
SRR13385633,not applicable,Targeted-Capture,283,120302819782,"Agilent Technologies\, 11011 N Torrey Pines Rd.\, La Jolla\, CA 92037\, USA",PRJNA677999,SAMN16786375,Human,42562210002,NATIONAL CENTER FOR TOXICOLOGICAL RESEARCH,public,"fastq,run.zq,sra","gs,s3,ncbi","gs.us-east1,ncbi.public,s3.us-east-1",SRX9804857,Illumina NovaSeq 6000,"4% Sample A + 96% Sample B\, enzymatically fragmented",SampleEf_ILM2_ST10_25ng_LIB1,PAIRED,Hybrid Selection,GENOMIC,Homo sapiens,ILLUMINA,2021-02-27T00:00:00Z,2021-01-08T12:09:00Z,1,Sample_Ef_ctDNA,not applicable,SRP296025,not applicable,
SRR13385634,not applicable,Targeted-Capture,282,95648456616,"Agilent Technologies\, 11011 N Torrey Pines Rd.\, La Jolla\, CA 92037\, USA",PRJNA677999,SAMN16786375,Human,32762655386,NATIONAL CENTER FOR TOXICOLOGICAL RESEARCH,public,"sra,run.zq,fastq","ncbi,s3,gs","gs.us-east1,ncbi.public,s3.us-east-1",SRX9804856,Illumina NovaSeq 6000,"4% Sample A + 96% Sample B\, enzymatically fragmented",SampleEf_ILM2_ST10_10ng_LIB4,PAIRED,Hybrid Selection,GENOMIC,Homo sapiens,ILLUMINA,2021-02-27T00:00:00Z,2021-01-08T11:51:00Z,1,Sample_Ef_ctDNA,not applicable,SRP296025,not applicable,
SRR13385635,not applicable,Targeted-Capture,282,102036328992,"Agilent Technologies\, 11011 N Torrey Pines Rd.\, La Jolla\, CA 92037\, USA",PRJNA677999,SAMN16786375,Human,34716747025,NATIONAL CENTER FOR TOXICOLOGICAL RESEARCH,public,"fastq,sra,run.zq","gs,s3,ncbi","ncbi.public,s3.us-east-1,gs.us-east1",SRX9804855,Illumina NovaSeq 6000,"4% Sample A + 96% Sample B\, enzymatically fragmented",SampleEf_ILM2_ST10_10ng_LIB3,PAIRED,Hybrid Selection,GENOMIC,Homo sapiens,ILLUMINA,2021-02-27T00:00:00Z,2021-01-08T12:20:00Z,1,Sample_Ef_ctDNA,not applicable,SRP296025,not applicable,
