Run,AGE,Assay Type,AvgSpotLen,Bases,BIOMATERIAL_PROVIDER,BioProject,BioSample,BioSampleModel,Bytes,Center Name,Consent,DATASTORE filetype,DATASTORE provider,DATASTORE region,Experiment,Instrument,isolate,Library Name,LibraryLayout,LibrarySelection,LibrarySource,Organism,Platform,ReleaseDate,create_date,version,Sample Name,sex,SRA Study,tissue,AssemblyName
SRR13209594,not applicable,Targeted-Capture,170,2137773696,"Agilent Technologies\, 11011 N Torrey Pines Rd.\, La Jolla\, CA 92037\, USA",PRJNA677999,SAMN16786374,Human,331594850,NATIONAL CENTER FOR TOXICOLOGICAL RESEARCH,public,"sra,bam,run.zq","gs,ncbi,s3","ncbi.public,s3.us-east-1,gs.us-east1",SRX9642720,NextSeq 500,"20% Sample A + 80% Sample B\, enzymatically fragmented",SampleDf_ROC2_ST10_25ng_LIB4,PAIRED,Hybrid Selection,GENOMIC,Homo sapiens,ILLUMINA,2021-02-27T00:00:00Z,2020-12-07T16:39:00Z,1,Sample_Df_ctDNA,not applicable,SRP296025,not applicable,GCF_000001405.29
SRR13209605,not applicable,Targeted-Capture,172,2586223776,"Agilent Technologies\, 11011 N Torrey Pines Rd.\, La Jolla\, CA 92037\, USA",PRJNA677999,SAMN16786374,Human,412423420,NATIONAL CENTER FOR TOXICOLOGICAL RESEARCH,public,"run.zq,bam,sra","ncbi,s3,gs","s3.us-east-1,gs.us-east1,ncbi.public",SRX9642709,NextSeq 500,"20% Sample A + 80% Sample B\, enzymatically fragmented",SampleDf_ROC2_ST10_25ng_LIB3,PAIRED,Hybrid Selection,GENOMIC,Homo sapiens,ILLUMINA,2021-02-27T00:00:00Z,2020-12-07T16:43:00Z,1,Sample_Df_ctDNA,not applicable,SRP296025,not applicable,GCF_000001405.29
SRR13209610,not applicable,Targeted-Capture,171,2433771552,"Agilent Technologies\, 11011 N Torrey Pines Rd.\, La Jolla\, CA 92037\, USA",PRJNA677999,SAMN16786374,Human,367642671,NATIONAL CENTER FOR TOXICOLOGICAL RESEARCH,public,"sra,bam,run.zq","ncbi,gs,s3","gs.us-east1,s3.us-east-1,ncbi.public",SRX9642704,NextSeq 500,"20% Sample A + 80% Sample B\, enzymatically fragmented",SampleDf_ROC2_ST21_25ng_LIB4,PAIRED,Hybrid Selection,GENOMIC,Homo sapiens,ILLUMINA,2021-02-27T00:00:00Z,2020-12-07T16:41:00Z,1,Sample_Df_ctDNA,not applicable,SRP296025,not applicable,GCF_000001405.29
SRR13209611,not applicable,Targeted-Capture,172,2555536416,"Agilent Technologies\, 11011 N Torrey Pines Rd.\, La Jolla\, CA 92037\, USA",PRJNA677999,SAMN16786374,Human,393702097,NATIONAL CENTER FOR TOXICOLOGICAL RESEARCH,public,"sra,bam,run.zq","s3,gs,ncbi","s3.us-east-1,ncbi.public,gs.us-east1",SRX9642703,NextSeq 500,"20% Sample A + 80% Sample B\, enzymatically fragmented",SampleDf_ROC2_ST21_25ng_LIB3,PAIRED,Hybrid Selection,GENOMIC,Homo sapiens,ILLUMINA,2021-02-27T00:00:00Z,2020-12-07T16:42:00Z,1,Sample_Df_ctDNA,not applicable,SRP296025,not applicable,GCF_000001405.29
SRR13209612,not applicable,Targeted-Capture,172,2438349408,"Agilent Technologies\, 11011 N Torrey Pines Rd.\, La Jolla\, CA 92037\, USA",PRJNA677999,SAMN16786374,Human,378360014,NATIONAL CENTER FOR TOXICOLOGICAL RESEARCH,public,"bam,sra,run.zq","s3,ncbi,gs","s3.us-east-1,gs.us-east1,ncbi.public",SRX9642702,NextSeq 500,"20% Sample A + 80% Sample B\, enzymatically fragmented",SampleDf_ROC2_ST21_25ng_LIB2,PAIRED,Hybrid Selection,GENOMIC,Homo sapiens,ILLUMINA,2021-02-27T00:00:00Z,2020-12-07T16:42:00Z,1,Sample_Df_ctDNA,not applicable,SRP296025,not applicable,GCF_000001405.29
SRR13209613,not applicable,Targeted-Capture,172,2531769504,"Agilent Technologies\, 11011 N Torrey Pines Rd.\, La Jolla\, CA 92037\, USA",PRJNA677999,SAMN16786374,Human,393477036,NATIONAL CENTER FOR TOXICOLOGICAL RESEARCH,public,"sra,bam,run.zq","s3,gs,ncbi","s3.us-east-1,gs.us-east1,ncbi.public",SRX9642701,NextSeq 500,"20% Sample A + 80% Sample B\, enzymatically fragmented",SampleDf_ROC2_ST21_25ng_LIB1,PAIRED,Hybrid Selection,GENOMIC,Homo sapiens,ILLUMINA,2021-02-27T00:00:00Z,2020-12-07T16:48:00Z,1,Sample_Df_ctDNA,not applicable,SRP296025,not applicable,GCF_000001405.29
SRR13209616,not applicable,Targeted-Capture,170,2371100544,"Agilent Technologies\, 11011 N Torrey Pines Rd.\, La Jolla\, CA 92037\, USA",PRJNA677999,SAMN16786374,Human,369438409,NATIONAL CENTER FOR TOXICOLOGICAL RESEARCH,public,"bam,run.zq,sra","ncbi,gs,s3","ncbi.public,gs.us-east1,s3.us-east-1",SRX9642698,NextSeq 500,"20% Sample A + 80% Sample B\, enzymatically fragmented",SampleDf_ROC2_ST10_25ng_LIB2,PAIRED,Hybrid Selection,GENOMIC,Homo sapiens,ILLUMINA,2021-02-27T00:00:00Z,2020-12-07T16:46:00Z,1,Sample_Df_ctDNA,not applicable,SRP296025,not applicable,GCF_000001405.29
SRR13209627,not applicable,Targeted-Capture,169,2177879136,"Agilent Technologies\, 11011 N Torrey Pines Rd.\, La Jolla\, CA 92037\, USA",PRJNA677999,SAMN16786374,Human,339480626,NATIONAL CENTER FOR TOXICOLOGICAL RESEARCH,public,"bam,run.zq,sra","ncbi,s3,gs","ncbi.public,gs.us-east1,s3.us-east-1",SRX9642687,NextSeq 500,"20% Sample A + 80% Sample B\, enzymatically fragmented",SampleDf_ROC2_ST10_25ng_LIB1,PAIRED,Hybrid Selection,GENOMIC,Homo sapiens,ILLUMINA,2021-02-27T00:00:00Z,2020-12-07T16:45:00Z,1,Sample_Df_ctDNA,not applicable,SRP296025,not applicable,GCF_000001405.29
SRR13209636,not applicable,Targeted-Capture,172,2598577824,"Agilent Technologies\, 11011 N Torrey Pines Rd.\, La Jolla\, CA 92037\, USA",PRJNA677999,SAMN16786374,Human,430796519,NATIONAL CENTER FOR TOXICOLOGICAL RESEARCH,public,"sra,run.zq,bam","gs,ncbi,s3","s3.us-east-1,ncbi.public,gs.us-east1",SRX9642678,NextSeq 500,"20% Sample A + 80% Sample B\, enzymatically fragmented",SampleDf_ROC2_ST20_25ng_LIB4,PAIRED,Hybrid Selection,GENOMIC,Homo sapiens,ILLUMINA,2021-02-27T00:00:00Z,2020-12-07T16:50:00Z,1,Sample_Df_ctDNA,not applicable,SRP296025,not applicable,GCF_000001405.29
SRR13209637,not applicable,Targeted-Capture,173,2738053440,"Agilent Technologies\, 11011 N Torrey Pines Rd.\, La Jolla\, CA 92037\, USA",PRJNA677999,SAMN16786374,Human,462334418,NATIONAL CENTER FOR TOXICOLOGICAL RESEARCH,public,"bam,sra,run.zq","ncbi,gs,s3","gs.us-east1,ncbi.public,s3.us-east-1",SRX9642677,NextSeq 500,"20% Sample A + 80% Sample B\, enzymatically fragmented",SampleDf_ROC2_ST20_25ng_LIB3,PAIRED,Hybrid Selection,GENOMIC,Homo sapiens,ILLUMINA,2021-02-27T00:00:00Z,2020-12-07T16:49:00Z,1,Sample_Df_ctDNA,not applicable,SRP296025,not applicable,GCF_000001405.29
SRR13209639,not applicable,Targeted-Capture,172,2622389952,"Agilent Technologies\, 11011 N Torrey Pines Rd.\, La Jolla\, CA 92037\, USA",PRJNA677999,SAMN16786374,Human,440102794,NATIONAL CENTER FOR TOXICOLOGICAL RESEARCH,public,"run.zq,bam,sra","ncbi,gs,s3","gs.us-east1,s3.us-east-1,ncbi.public",SRX9642675,NextSeq 500,"20% Sample A + 80% Sample B\, enzymatically fragmented",SampleDf_ROC2_ST20_25ng_LIB2,PAIRED,Hybrid Selection,GENOMIC,Homo sapiens,ILLUMINA,2021-02-27T00:00:00Z,2020-12-07T16:52:00Z,1,Sample_Df_ctDNA,not applicable,SRP296025,not applicable,GCF_000001405.29
SRR13209640,not applicable,Targeted-Capture,171,2464046208,"Agilent Technologies\, 11011 N Torrey Pines Rd.\, La Jolla\, CA 92037\, USA",PRJNA677999,SAMN16786374,Human,406418859,NATIONAL CENTER FOR TOXICOLOGICAL RESEARCH,public,"bam,sra,run.zq","ncbi,gs,s3","ncbi.public,s3.us-east-1,gs.us-east1",SRX9642674,NextSeq 500,"20% Sample A + 80% Sample B\, enzymatically fragmented",SampleDf_ROC2_ST20_25ng_LIB1,PAIRED,Hybrid Selection,GENOMIC,Homo sapiens,ILLUMINA,2021-02-27T00:00:00Z,2020-12-07T17:08:00Z,1,Sample_Df_ctDNA,not applicable,SRP296025,not applicable,GCF_000001405.29
SRR13200965,not applicable,Targeted-Capture,282,20386457683,"Agilent Technologies\, 11011 N Torrey Pines Rd.\, La Jolla\, CA 92037\, USA",PRJNA677999,SAMN16786374,Human,9256417431,NATIONAL CENTER FOR TOXICOLOGICAL RESEARCH,public,"sra,fastq,run.zq","ncbi,gs,s3","ncbi.public,s3.us-east-1,gs.us-east1",SRX9634503,Illumina NovaSeq 6000,"20% Sample A + 80% Sample B\, enzymatically fragmented",SampleDf_BRP2_ST25_25ng_LIB2,PAIRED,Hybrid Selection,GENOMIC,Homo sapiens,ILLUMINA,2021-02-27T00:00:00Z,2020-12-07T20:16:00Z,1,Sample_Df_ctDNA,not applicable,SRP296025,not applicable,
SRR13200966,not applicable,Targeted-Capture,282,24924019930,"Agilent Technologies\, 11011 N Torrey Pines Rd.\, La Jolla\, CA 92037\, USA",PRJNA677999,SAMN16786374,Human,11359750295,NATIONAL CENTER FOR TOXICOLOGICAL RESEARCH,public,"sra,run.zq,fastq","ncbi,gs,s3","s3.us-east-1,ncbi.public,gs.us-east1",SRX9634502,Illumina NovaSeq 6000,"20% Sample A + 80% Sample B\, enzymatically fragmented",SampleDf_BRP2_ST25_25ng_LIB1,PAIRED,Hybrid Selection,GENOMIC,Homo sapiens,ILLUMINA,2021-02-27T00:00:00Z,2020-12-07T19:09:00Z,1,Sample_Df_ctDNA,not applicable,SRP296025,not applicable,
SRR13201005,not applicable,Targeted-Capture,283,29661603695,"Agilent Technologies\, 11011 N Torrey Pines Rd.\, La Jolla\, CA 92037\, USA",PRJNA677999,SAMN16786374,Human,12838567814,NATIONAL CENTER FOR TOXICOLOGICAL RESEARCH,public,"run.zq,fastq,sra","s3,ncbi,gs","gs.us-east1,ncbi.public,s3.us-east-1",SRX9634463,Illumina NovaSeq 6000,"20% Sample A + 80% Sample B\, enzymatically fragmented",SampleDf_BRP2_ST26_25ng_LIB4,PAIRED,Hybrid Selection,GENOMIC,Homo sapiens,ILLUMINA,2021-02-27T00:00:00Z,2020-12-18T22:11:00Z,1,Sample_Df_ctDNA,not applicable,SRP296025,not applicable,
SRR13201006,not applicable,Targeted-Capture,283,30008442576,"Agilent Technologies\, 11011 N Torrey Pines Rd.\, La Jolla\, CA 92037\, USA",PRJNA677999,SAMN16786374,Human,12820110059,NATIONAL CENTER FOR TOXICOLOGICAL RESEARCH,public,"run.zq,sra,fastq","s3,gs,ncbi","ncbi.public,s3.us-east-1,gs.us-east1",SRX9634462,Illumina NovaSeq 6000,"20% Sample A + 80% Sample B\, enzymatically fragmented",SampleDf_BRP2_ST26_25ng_LIB3,PAIRED,Hybrid Selection,GENOMIC,Homo sapiens,ILLUMINA,2021-02-27T00:00:00Z,2020-12-07T17:41:00Z,1,Sample_Df_ctDNA,not applicable,SRP296025,not applicable,
SRR13201007,not applicable,Targeted-Capture,283,38149265044,"Agilent Technologies\, 11011 N Torrey Pines Rd.\, La Jolla\, CA 92037\, USA",PRJNA677999,SAMN16786374,Human,16515081658,NATIONAL CENTER FOR TOXICOLOGICAL RESEARCH,public,"run.zq,fastq,sra","s3,gs,ncbi","s3.us-east-1,ncbi.public,gs.us-east1",SRX9634461,Illumina NovaSeq 6000,"20% Sample A + 80% Sample B\, enzymatically fragmented",SampleDf_BRP2_ST26_25ng_LIB2,PAIRED,Hybrid Selection,GENOMIC,Homo sapiens,ILLUMINA,2021-02-27T00:00:00Z,2020-12-11T15:54:00Z,1,Sample_Df_ctDNA,not applicable,SRP296025,not applicable,
SRR13201008,not applicable,Targeted-Capture,283,29048673978,"Agilent Technologies\, 11011 N Torrey Pines Rd.\, La Jolla\, CA 92037\, USA",PRJNA677999,SAMN16786374,Human,12521435200,NATIONAL CENTER FOR TOXICOLOGICAL RESEARCH,public,"fastq,sra,run.zq","ncbi,s3,gs","s3.us-east-1,ncbi.public,gs.us-east1",SRX9634460,Illumina NovaSeq 6000,"20% Sample A + 80% Sample B\, enzymatically fragmented",SampleDf_BRP2_ST26_25ng_LIB1,PAIRED,Hybrid Selection,GENOMIC,Homo sapiens,ILLUMINA,2021-02-27T00:00:00Z,2020-12-09T21:18:00Z,1,Sample_Df_ctDNA,not applicable,SRP296025,not applicable,
SRR13201009,not applicable,Targeted-Capture,278,30427173021,"Agilent Technologies\, 11011 N Torrey Pines Rd.\, La Jolla\, CA 92037\, USA",PRJNA677999,SAMN16786374,Human,13848469653,NATIONAL CENTER FOR TOXICOLOGICAL RESEARCH,public,"fastq,sra,run.zq","s3,ncbi,gs","gs.us-east1,s3.us-east-1,ncbi.public",SRX9634459,Illumina NovaSeq 6000,"20% Sample A + 80% Sample B\, enzymatically fragmented",SampleDf_BRP2_ST25_25ng_LIB4,PAIRED,Hybrid Selection,GENOMIC,Homo sapiens,ILLUMINA,2021-02-27T00:00:00Z,2020-12-18T19:00:00Z,1,Sample_Df_ctDNA,not applicable,SRP296025,not applicable,
SRR13201010,not applicable,Targeted-Capture,282,23899943791,"Agilent Technologies\, 11011 N Torrey Pines Rd.\, La Jolla\, CA 92037\, USA",PRJNA677999,SAMN16786374,Human,10834096438,NATIONAL CENTER FOR TOXICOLOGICAL RESEARCH,public,"sra,fastq,run.zq","s3,ncbi,gs","ncbi.public,gs.us-east1,s3.us-east-1",SRX9634458,Illumina NovaSeq 6000,"20% Sample A + 80% Sample B\, enzymatically fragmented",SampleDf_BRP2_ST25_25ng_LIB3,PAIRED,Hybrid Selection,GENOMIC,Homo sapiens,ILLUMINA,2021-02-27T00:00:00Z,2020-12-08T04:49:00Z,1,Sample_Df_ctDNA,not applicable,SRP296025,not applicable,
SRR13202776,not applicable,AMPLICON,81,277073433,"Agilent Technologies\, 11011 N Torrey Pines Rd.\, La Jolla\, CA 92037\, USA",PRJNA677999,SAMN16786374,Human,147016447,NATIONAL CENTER FOR TOXICOLOGICAL RESEARCH,public,"sra,bam,run.zq","ncbi,gs,s3","ncbi.public,s3.us-east-1,gs.us-east1",SRX9636117,Ion Torrent S5 XL,"20% Sample A + 80% Sample B\, enzymatically fragmented",SampleDf_TFS2_ST22_25ng_LIB2,SINGLE,PCR,GENOMIC,Homo sapiens,ION_TORRENT,2021-02-27T00:00:00Z,2020-12-05T19:02:00Z,1,Sample_Df_ctDNA,not applicable,SRP296025,not applicable,GCA_000001405.13
SRR13202787,not applicable,AMPLICON,84,183301913,"Agilent Technologies\, 11011 N Torrey Pines Rd.\, La Jolla\, CA 92037\, USA",PRJNA677999,SAMN16786374,Human,96103536,NATIONAL CENTER FOR TOXICOLOGICAL RESEARCH,public,"bam,run.zq,sra","ncbi,gs,s3","ncbi.public,s3.us-east-1,gs.us-east1",SRX9636106,Ion Torrent S5 XL,"20% Sample A + 80% Sample B\, enzymatically fragmented",SampleDf_TFS2_ST22_25ng_LIB1,SINGLE,PCR,GENOMIC,Homo sapiens,ION_TORRENT,2021-02-27T00:00:00Z,2020-12-05T19:01:00Z,1,Sample_Df_ctDNA,not applicable,SRP296025,not applicable,GCA_000001405.13
SRR13202796,not applicable,AMPLICON,68,159247832,"Agilent Technologies\, 11011 N Torrey Pines Rd.\, La Jolla\, CA 92037\, USA",PRJNA677999,SAMN16786374,Human,89477434,NATIONAL CENTER FOR TOXICOLOGICAL RESEARCH,public,"run.zq,bam,sra","gs,ncbi,s3","gs.us-east1,s3.us-east-1,ncbi.public",SRX9636097,Ion Torrent S5 XL,"20% Sample A + 80% Sample B\, enzymatically fragmented",SampleDf_TFS2_ST24_25ng_LIB4,SINGLE,PCR,GENOMIC,Homo sapiens,ION_TORRENT,2021-02-27T00:00:00Z,2020-12-05T19:01:00Z,1,Sample_Df_ctDNA,not applicable,SRP296025,not applicable,GCA_000001405.13
SRR13202797,not applicable,AMPLICON,67,146041068,"Agilent Technologies\, 11011 N Torrey Pines Rd.\, La Jolla\, CA 92037\, USA",PRJNA677999,SAMN16786374,Human,82096519,NATIONAL CENTER FOR TOXICOLOGICAL RESEARCH,public,"sra,run.zq,bam","s3,ncbi,gs","s3.us-east-1,ncbi.public,gs.us-east1",SRX9636096,Ion Torrent S5 XL,"20% Sample A + 80% Sample B\, enzymatically fragmented",SampleDf_TFS2_ST24_25ng_LIB3,SINGLE,PCR,GENOMIC,Homo sapiens,ION_TORRENT,2021-02-27T00:00:00Z,2020-12-05T19:02:00Z,1,Sample_Df_ctDNA,not applicable,SRP296025,not applicable,GCA_000001405.13
SRR13202799,not applicable,AMPLICON,66,119229966,"Agilent Technologies\, 11011 N Torrey Pines Rd.\, La Jolla\, CA 92037\, USA",PRJNA677999,SAMN16786374,Human,67934224,NATIONAL CENTER FOR TOXICOLOGICAL RESEARCH,public,"run.zq,bam,sra","s3,gs,ncbi","s3.us-east-1,ncbi.public,gs.us-east1",SRX9636094,Ion Torrent S5 XL,"20% Sample A + 80% Sample B\, enzymatically fragmented",SampleDf_TFS2_ST24_25ng_LIB2,SINGLE,PCR,GENOMIC,Homo sapiens,ION_TORRENT,2021-02-27T00:00:00Z,2020-12-05T19:01:00Z,1,Sample_Df_ctDNA,not applicable,SRP296025,not applicable,GCA_000001405.13
SRR13202800,not applicable,AMPLICON,68,124154914,"Agilent Technologies\, 11011 N Torrey Pines Rd.\, La Jolla\, CA 92037\, USA",PRJNA677999,SAMN16786374,Human,69466921,NATIONAL CENTER FOR TOXICOLOGICAL RESEARCH,public,"sra,run.zq,bam","s3,ncbi,gs","s3.us-east-1,gs.us-east1,ncbi.public",SRX9636093,Ion Torrent S5 XL,"20% Sample A + 80% Sample B\, enzymatically fragmented",SampleDf_TFS2_ST24_25ng_LIB1,SINGLE,PCR,GENOMIC,Homo sapiens,ION_TORRENT,2021-02-27T00:00:00Z,2020-12-05T19:01:00Z,1,Sample_Df_ctDNA,not applicable,SRP296025,not applicable,GCA_000001405.13
SRR13202827,not applicable,AMPLICON,76,109678174,"Agilent Technologies\, 11011 N Torrey Pines Rd.\, La Jolla\, CA 92037\, USA",PRJNA677999,SAMN16786374,Human,58651644,NATIONAL CENTER FOR TOXICOLOGICAL RESEARCH,public,"run.zq,sra,bam","gs,ncbi,s3","ncbi.public,s3.us-east-1,gs.us-east1",SRX9636066,Ion Torrent S5 XL,"20% Sample A + 80% Sample B\, enzymatically fragmented",SampleDf_TFS2_ST23_25ng_LIB4,SINGLE,PCR,GENOMIC,Homo sapiens,ION_TORRENT,2021-02-27T00:00:00Z,2020-12-05T19:01:00Z,1,Sample_Df_ctDNA,not applicable,SRP296025,not applicable,GCA_000001405.13
SRR13202828,not applicable,AMPLICON,79,132226575,"Agilent Technologies\, 11011 N Torrey Pines Rd.\, La Jolla\, CA 92037\, USA",PRJNA677999,SAMN16786374,Human,69495756,NATIONAL CENTER FOR TOXICOLOGICAL RESEARCH,public,"sra,run.zq,bam","ncbi,s3,gs","ncbi.public,gs.us-east1,s3.us-east-1",SRX9636065,Ion Torrent S5 XL,"20% Sample A + 80% Sample B\, enzymatically fragmented",SampleDf_TFS2_ST23_25ng_LIB3,SINGLE,PCR,GENOMIC,Homo sapiens,ION_TORRENT,2021-02-27T00:00:00Z,2020-12-05T19:02:00Z,1,Sample_Df_ctDNA,not applicable,SRP296025,not applicable,GCA_000001405.13
SRR13202829,not applicable,AMPLICON,74,98293042,"Agilent Technologies\, 11011 N Torrey Pines Rd.\, La Jolla\, CA 92037\, USA",PRJNA677999,SAMN16786374,Human,53218938,NATIONAL CENTER FOR TOXICOLOGICAL RESEARCH,public,"bam,sra,run.zq","s3,ncbi,gs","s3.us-east-1,ncbi.public,gs.us-east1",SRX9636064,Ion Torrent S5 XL,"20% Sample A + 80% Sample B\, enzymatically fragmented",SampleDf_TFS2_ST23_25ng_LIB2,SINGLE,PCR,GENOMIC,Homo sapiens,ION_TORRENT,2021-02-27T00:00:00Z,2020-12-05T19:01:00Z,1,Sample_Df_ctDNA,not applicable,SRP296025,not applicable,GCA_000001405.13
SRR13202830,not applicable,AMPLICON,71,276949654,"Agilent Technologies\, 11011 N Torrey Pines Rd.\, La Jolla\, CA 92037\, USA",PRJNA677999,SAMN16786374,Human,147768546,NATIONAL CENTER FOR TOXICOLOGICAL RESEARCH,public,"run.zq,bam,sra","gs,s3,ncbi","gs.us-east1,s3.us-east-1,ncbi.public",SRX9636063,Ion Torrent S5 XL,"20% Sample A + 80% Sample B\, enzymatically fragmented",SampleDf_TFS2_ST23_25ng_LIB1,SINGLE,PCR,GENOMIC,Homo sapiens,ION_TORRENT,2021-02-27T00:00:00Z,2020-12-05T19:02:00Z,1,Sample_Df_ctDNA,not applicable,SRP296025,not applicable,GCA_000001405.13
SRR13202862,not applicable,AMPLICON,79,219574104,"Agilent Technologies\, 11011 N Torrey Pines Rd.\, La Jolla\, CA 92037\, USA",PRJNA677999,SAMN16786374,Human,117160788,NATIONAL CENTER FOR TOXICOLOGICAL RESEARCH,public,"run.zq,sra,bam","s3,gs,ncbi","gs.us-east1,ncbi.public,s3.us-east-1",SRX9636031,Ion Torrent S5 XL,"20% Sample A + 80% Sample B\, enzymatically fragmented",SampleDf_TFS2_ST22_25ng_LIB4,SINGLE,PCR,GENOMIC,Homo sapiens,ION_TORRENT,2021-02-27T00:00:00Z,2020-12-05T19:03:00Z,1,Sample_Df_ctDNA,not applicable,SRP296025,not applicable,GCA_000001405.13
SRR13202863,not applicable,AMPLICON,80,154581159,"Agilent Technologies\, 11011 N Torrey Pines Rd.\, La Jolla\, CA 92037\, USA",PRJNA677999,SAMN16786374,Human,82332134,NATIONAL CENTER FOR TOXICOLOGICAL RESEARCH,public,"bam,run.zq,sra","s3,ncbi,gs","gs.us-east1,s3.us-east-1,ncbi.public",SRX9636030,Ion Torrent S5 XL,"20% Sample A + 80% Sample B\, enzymatically fragmented",SampleDf_TFS2_ST22_25ng_LIB3,SINGLE,PCR,GENOMIC,Homo sapiens,ION_TORRENT,2021-02-27T00:00:00Z,2020-12-05T19:02:00Z,1,Sample_Df_ctDNA,not applicable,SRP296025,not applicable,GCA_000001405.13
SRR13385570,not applicable,Targeted-Capture,284,129946999679,"Agilent Technologies\, 11011 N Torrey Pines Rd.\, La Jolla\, CA 92037\, USA",PRJNA677999,SAMN16786374,Human,44203964485,NATIONAL CENTER FOR TOXICOLOGICAL RESEARCH,public,"fastq,sra,run.zq","gs,s3,ncbi","gs.us-east1,s3.us-east-1,ncbi.public",SRX9804920,Illumina NovaSeq 6000,"20% Sample A + 80% Sample B\, enzymatically fragmented",SampleDf_ILM2_ST10_25ng_LIB4,PAIRED,Hybrid Selection,GENOMIC,Homo sapiens,ILLUMINA,2021-02-27T00:00:00Z,2021-01-08T12:22:00Z,1,Sample_Df_ctDNA,not applicable,SRP296025,not applicable,
SRR13385581,not applicable,Targeted-Capture,283,132136463552,"Agilent Technologies\, 11011 N Torrey Pines Rd.\, La Jolla\, CA 92037\, USA",PRJNA677999,SAMN16786374,Human,45401398165,NATIONAL CENTER FOR TOXICOLOGICAL RESEARCH,public,"sra,fastq,run.zq","ncbi,s3,gs","s3.us-east-1,ncbi.public,gs.us-east1",SRX9804909,Illumina NovaSeq 6000,"20% Sample A + 80% Sample B\, enzymatically fragmented",SampleDf_ILM2_ST10_25ng_LIB3,PAIRED,Hybrid Selection,GENOMIC,Homo sapiens,ILLUMINA,2021-02-27T00:00:00Z,2021-01-08T12:31:00Z,1,Sample_Df_ctDNA,not applicable,SRP296025,not applicable,
SRR13385586,not applicable,Targeted-Capture,286,109484496098,"Agilent Technologies\, 11011 N Torrey Pines Rd.\, La Jolla\, CA 92037\, USA",PRJNA677999,SAMN16786374,Human,35694718993,NATIONAL CENTER FOR TOXICOLOGICAL RESEARCH,public,"sra,fastq,run.zq","gs,s3,ncbi","gs.us-east1,ncbi.public,s3.us-east-1",SRX9804904,Illumina NovaSeq 6000,"20% Sample A + 80% Sample B\, enzymatically fragmented",SampleDf_ILM2_ST29_25ng_LIB4,PAIRED,Hybrid Selection,GENOMIC,Homo sapiens,ILLUMINA,2021-02-27T00:00:00Z,2021-01-08T15:20:00Z,1,Sample_Df_ctDNA,not applicable,SRP296025,not applicable,
SRR13385587,not applicable,Targeted-Capture,284,136484717207,"Agilent Technologies\, 11011 N Torrey Pines Rd.\, La Jolla\, CA 92037\, USA",PRJNA677999,SAMN16786374,Human,45355507816,NATIONAL CENTER FOR TOXICOLOGICAL RESEARCH,public,"run.zq,sra,fastq","ncbi,gs,s3","s3.us-east-1,ncbi.public,gs.us-east1",SRX9804903,Illumina NovaSeq 6000,"20% Sample A + 80% Sample B\, enzymatically fragmented",SampleDf_ILM2_ST29_25ng_LIB3,PAIRED,Hybrid Selection,GENOMIC,Homo sapiens,ILLUMINA,2021-02-27T00:00:00Z,2021-01-08T16:03:00Z,1,Sample_Df_ctDNA,not applicable,SRP296025,not applicable,
SRR13385588,not applicable,Targeted-Capture,288,122502439652,"Agilent Technologies\, 11011 N Torrey Pines Rd.\, La Jolla\, CA 92037\, USA",PRJNA677999,SAMN16786374,Human,40161233200,NATIONAL CENTER FOR TOXICOLOGICAL RESEARCH,public,"sra,run.zq,fastq","s3,ncbi,gs","s3.us-east-1,gs.us-east1,ncbi.public",SRX9804902,Illumina NovaSeq 6000,"20% Sample A + 80% Sample B\, enzymatically fragmented",SampleDf_ILM2_ST29_25ng_LIB2,PAIRED,Hybrid Selection,GENOMIC,Homo sapiens,ILLUMINA,2021-02-27T00:00:00Z,2021-01-08T14:36:00Z,1,Sample_Df_ctDNA,not applicable,SRP296025,not applicable,
SRR13385589,not applicable,Targeted-Capture,287,143045355180,"Agilent Technologies\, 11011 N Torrey Pines Rd.\, La Jolla\, CA 92037\, USA",PRJNA677999,SAMN16786374,Human,48164833420,NATIONAL CENTER FOR TOXICOLOGICAL RESEARCH,public,"fastq,sra,run.zq","gs,s3,ncbi","ncbi.public,gs.us-east1,s3.us-east-1",SRX9804901,Illumina NovaSeq 6000,"20% Sample A + 80% Sample B\, enzymatically fragmented",SampleDf_ILM2_ST29_25ng_LIB1,PAIRED,Hybrid Selection,GENOMIC,Homo sapiens,ILLUMINA,2021-02-27T00:00:00Z,2021-01-08T14:33:00Z,1,Sample_Df_ctDNA,not applicable,SRP296025,not applicable,
SRR13385592,not applicable,Targeted-Capture,283,146011584582,"Agilent Technologies\, 11011 N Torrey Pines Rd.\, La Jolla\, CA 92037\, USA",PRJNA677999,SAMN16786374,Human,49940832227,NATIONAL CENTER FOR TOXICOLOGICAL RESEARCH,public,"sra,fastq,run.zq","s3,gs,ncbi","s3.us-east-1,ncbi.public,gs.us-east1",SRX9804898,Illumina NovaSeq 6000,"20% Sample A + 80% Sample B\, enzymatically fragmented",SampleDf_ILM2_ST10_25ng_LIB2,PAIRED,Hybrid Selection,GENOMIC,Homo sapiens,ILLUMINA,2021-02-27T00:00:00Z,2021-01-08T15:40:00Z,1,Sample_Df_ctDNA,not applicable,SRP296025,not applicable,
SRR13385603,not applicable,Targeted-Capture,282,114715757107,"Agilent Technologies\, 11011 N Torrey Pines Rd.\, La Jolla\, CA 92037\, USA",PRJNA677999,SAMN16786374,Human,40967774501,NATIONAL CENTER FOR TOXICOLOGICAL RESEARCH,public,"sra,run.zq,fastq","ncbi,s3,gs","ncbi.public,s3.us-east-1,gs.us-east1",SRX9804887,Illumina NovaSeq 6000,"20% Sample A + 80% Sample B\, enzymatically fragmented",SampleDf_ILM2_ST10_25ng_LIB1,PAIRED,Hybrid Selection,GENOMIC,Homo sapiens,ILLUMINA,2021-02-27T00:00:00Z,2021-01-08T20:02:00Z,1,Sample_Df_ctDNA,not applicable,SRP296025,not applicable,
SRR13385612,not applicable,Targeted-Capture,264,88434725858,"Agilent Technologies\, 11011 N Torrey Pines Rd.\, La Jolla\, CA 92037\, USA",PRJNA677999,SAMN16786374,Human,41593490220,NATIONAL CENTER FOR TOXICOLOGICAL RESEARCH,public,"sra,fastq,run.zq","gs,s3,ncbi","ncbi.public,gs.us-east1,s3.us-east-1",SRX9804878,Illumina NovaSeq 6000,"20% Sample A + 80% Sample B\, enzymatically fragmented",SampleDf_ILM2_ST23_25ng_LIB4,PAIRED,Hybrid Selection,GENOMIC,Homo sapiens,ILLUMINA,2021-02-27T00:00:00Z,2021-01-13T07:17:00Z,1,Sample_Df_ctDNA,not applicable,SRP296025,not applicable,
SRR13385613,not applicable,Targeted-Capture,263,95200994586,"Agilent Technologies\, 11011 N Torrey Pines Rd.\, La Jolla\, CA 92037\, USA",PRJNA677999,SAMN16786374,Human,44546582521,NATIONAL CENTER FOR TOXICOLOGICAL RESEARCH,public,"sra,fastq,run.zq","ncbi,gs,s3","gs.us-east1,ncbi.public,s3.us-east-1",SRX9804877,Illumina NovaSeq 6000,"20% Sample A + 80% Sample B\, enzymatically fragmented",SampleDf_ILM2_ST23_25ng_LIB3,PAIRED,Hybrid Selection,GENOMIC,Homo sapiens,ILLUMINA,2021-02-27T00:00:00Z,2021-01-12T17:36:00Z,1,Sample_Df_ctDNA,not applicable,SRP296025,not applicable,
SRR13385615,not applicable,Targeted-Capture,262,95971206550,"Agilent Technologies\, 11011 N Torrey Pines Rd.\, La Jolla\, CA 92037\, USA",PRJNA677999,SAMN16786374,Human,44748167835,NATIONAL CENTER FOR TOXICOLOGICAL RESEARCH,public,"fastq,run.zq,sra","gs,ncbi,s3","gs.us-east1,s3.us-east-1,ncbi.public",SRX9804875,Illumina NovaSeq 6000,"20% Sample A + 80% Sample B\, enzymatically fragmented",SampleDf_ILM2_ST23_25ng_LIB2,PAIRED,Hybrid Selection,GENOMIC,Homo sapiens,ILLUMINA,2021-02-27T00:00:00Z,2021-01-13T11:10:00Z,1,Sample_Df_ctDNA,not applicable,SRP296025,not applicable,
SRR13385616,not applicable,Targeted-Capture,252,80460054734,"Agilent Technologies\, 11011 N Torrey Pines Rd.\, La Jolla\, CA 92037\, USA",PRJNA677999,SAMN16786374,Human,36939725368,NATIONAL CENTER FOR TOXICOLOGICAL RESEARCH,public,"sra,fastq,run.zq","ncbi,s3,gs","gs.us-east1,s3.us-east-1,ncbi.public",SRX9804874,Illumina NovaSeq 6000,"20% Sample A + 80% Sample B\, enzymatically fragmented",SampleDf_ILM2_ST23_25ng_LIB1,PAIRED,Hybrid Selection,GENOMIC,Homo sapiens,ILLUMINA,2021-02-27T00:00:00Z,2021-01-13T07:24:00Z,1,Sample_Df_ctDNA,not applicable,SRP296025,not applicable,
